Timestamp,Episode,Duration,Reward,Reason
15:31:17,1,25.78,-1823.017,WallCollision
15:33:51,1,258.68,-11531,WallCollision
15:33:59,1,265.39,-8879.323,WallCollision
15:34:09,1,282.36,-10517.38,WallCollision
15:34:19,1,297.62,-10280.02,WallCollision
15:34:22,1,303.09,-9849.598,WallCollision
15:34:25,1,307.21,-10076.58,WallCollision
15:34:26,1,309.25,-11311.21,WallCollision
15:34:31,1,316.12,-8824.854,WallCollision
15:34:35,1,323.44,-11385.55,WallCollision
15:34:54,1,347.49,-11015.69,WallCollision
15:34:55,1,348.67,-10164.82,WallCollision
15:35:02,1,360.22,-10764.92,WallCollision
15:35:07,1,367.16,-14466.07,WallCollision
15:35:11,1,374.09,-10589.76,WallCollision
15:35:16,1,381.59,-12504.6,WallCollision
15:35:27,2,133.51,-2252.857,WallCollision
15:35:34,1,411.31,-9995.282,WallCollision
15:35:38,2,158.86,-2324.688,WallCollision
15:35:58,1,442.68,-12188.88,WallCollision
15:36:10,2,144.79,-2398.106,WallCollision
15:36:10,2,159.08,-3285.694,WallCollision
15:36:11,1,462.90,-11367.12,Success
15:36:14,1,467.46,-14307.59,Success
15:36:14,2,185.26,-3786.362,WallCollision
15:36:15,2,145.69,-2666.892,WallCollision
15:36:16,1,470.84,-12151.83,Success
15:36:16,1,471.20,-12889.12,Success
15:36:26,1,486.95,-14368.08,Success
15:36:29,2,144.41,-2246.938,WallCollision
15:36:33,2,188.80,-3105.847,WallCollision
15:36:35,2,120.13,-2263.581,WallCollision
15:36:39,1,273.75,-7175.962,WallCollision
15:36:39,2,210.13,-4418.852,WallCollision
15:36:40,2,148.47,-2545.874,WallCollision
15:36:43,2,488.05,-11867.72,Success
15:37:08,3,149.04,-1937.327,WallCollision
15:37:18,2,189.28,-2577.839,WallCollision
15:37:25,3,113.47,-1723.165,WallCollision
15:37:25,2,132.33,-1356.459,WallCollision
15:37:33,3,117.71,-1085.019,WallCollision
15:37:39,2,133.17,-1591.979,WallCollision
15:38:04,2,144.15,-1434.544,WallCollision
15:38:08,3,219.07,-7587.226,WallCollision
15:38:09,2,271.19,-2940.671,WallCollision
15:38:10,2,291.80,-2491.477,Success
15:38:12,2,336.73,-4770.981,Success
15:38:24,4,75.10,-1105.152,WallCollision
15:38:32,3,205.35,-1964.626,WallCollision
15:38:33,3,78.30,-918.5524,WallCollision
15:38:33,3,166.92,-1645.25,WallCollision
15:38:40,3,183.82,-1773.208,WallCollision
15:38:47,2,219.05,-2255.684,WallCollision
15:38:53,3,136.93,-1260.217,WallCollision
15:38:57,2,235.51,-9937.158,WallCollision
15:38:58,2,297.30,-2769.073,WallCollision
15:39:09,3,228.05,-1818.628,Success
15:39:13,3,239.99,-2346.551,Success
15:39:15,1,373.59,-6421.192,WallCollision
15:39:18,3,233.29,-1945.724,WallCollision
15:39:22,3,171.20,-1282.821,WallCollision
15:39:27,3,114.03,-1031.326,WallCollision
15:39:30,2,140.33,-2480.105,WallCollision
15:39:32,3,300.35,-2087.077,Success
15:39:37,3,139.75,-1582.927,WallCollision
15:39:44,4,138.89,-1220.323,WallCollision
15:39:49,4,107.97,-751.0657,WallCollision
15:39:52,3,98.60,-957.2344,WallCollision
15:39:55,4,246.06,-1904.123,WallCollision
15:39:59,4,98.60,-837.5095,WallCollision
15:39:59,3,92.92,-736.0931,WallCollision
15:40:02,2,337.39,-2669.392,Success
15:40:05,4,133.45,-970.8337,WallCollision
15:40:30,3,211.51,-2238.289,WallCollision
15:40:36,4,117.39,-977.1442,WallCollision
15:40:44,4,119.21,-1080.279,WallCollision
15:40:45,4,103.53,-798.4666,WallCollision
15:40:59,2,77.26,-1028.494,WallCollision
15:42:54,4,282.36,-1705.006,Success
15:43:18,4,419.31,-2659.403,Success
15:43:28,3,365.28,-2025.341,Success
15:43:31,4,224.15,-1224.614,WallCollision
15:43:52,4,354.02,-1746.213,Success
15:43:58,4,318.80,-1386.648,Success
15:44:00,5,268.65,-1579.332,WallCollision
15:44:03,5,258.58,-1531.934,WallCollision
15:44:21,3,282.26,-1712.877,WallCollision
15:44:22,3,379.37,-1896.287,Success
15:44:26,4,323.94,-1527.639,Success
15:44:29,5,241.01,-1330.906,WallCollision
15:44:32,4,254.36,-1065.079,Success
15:44:35,4,99.06,-836.9856,Success
15:44:38,3,600.00,-13972.52,Timeout
15:44:45,4,364.48,-1670.347,Success
15:44:52,5,264.35,-1150.023,Success
15:44:53,5,469.26,-2713.929,WallCollision
15:45:17,5,130.67,-738.4401,Success
15:45:33,4,396.48,-2203.588,Success
15:45:36,5,96.28,-284.1106,Success
15:45:43,5,395.78,-2248.598,Success
15:45:58,6,176.50,-631.8567,Success
15:46:10,3,266.49,-1084.331,Success
15:46:13,4,165.10,-453.9165,Success
15:46:21,5,490.31,-2915.654,WallCollision
15:46:22,6,208.87,-704.9604,Success
15:46:45,4,182.22,-363.3006,Success
15:46:54,5,297.93,-1086.964,Success
15:47:01,5,366.80,-1755.006,Success
15:47:04,4,600.00,-3352.559,Timeout
15:47:06,4,243.30,-861.0562,Success
15:47:13,5,347.45,-1557.13,Success
15:47:22,6,185.18,-417.7409,Success
15:47:27,6,231.49,-714.3691,Success
15:47:41,5,512.74,-4917.471,Success
15:47:43,5,273.03,-860.1414,Success
15:47:50,5,600.00,-3203.065,Timeout
15:47:58,6,200.45,-440.6757,Success
15:48:06,5,323.34,-1244.457,Success
15:48:09,5,303.87,-1076.714,Success
15:48:16,6,305.11,-1254.59,Success
15:48:23,5,394.46,-1681.581,Success
15:48:23,3,284.96,-1032.747,Success
15:48:43,5,217.05,-525.9706,Success
15:48:43,6,270.63,-989.5615,Success
15:48:44,7,241.85,-677.8614,Success
15:48:44,6,150.16,-342.1267,Success
15:48:53,6,175.92,-434.0845,Success
15:48:54,7,221.51,-648.9604,Success
15:48:55,5,193.22,-548.6611,Success
15:48:58,6,153.68,-371.2845,Success
15:49:14,5,190.40,-355.2807,Success
15:49:17,6,146.37,-200.8693,Success
15:49:26,5,214.01,-520.6912,Success
15:49:27,7,184.72,-496.6147,Success
15:49:32,7,178.92,-207.1024,Success
15:49:48,5,372.17,-4470.224,Success
15:49:55,6,161.24,-304.8068,Success
15:49:58,6,189.44,-336.0872,Success
15:50:00,6,205.87,-267.3396,Success
15:50:03,7,185.94,-291.7236,Success
15:50:07,6,332.50,-1164.037,Success
15:50:09,7,129.87,48.17305,Success
15:50:12,8,133.93,24.08599,Success
15:50:15,6,165.62,-309.0688,Success
15:50:17,6,189.98,-146.4584,Success
15:50:17,7,140.93,102.9336,Success
15:50:19,4,203.05,-522.95,Success
15:50:19,7,180.96,-195.7175,Success
15:50:20,6,148.31,-219.3657,Success
15:50:34,7,147.09,-62.45274,Success
15:50:43,6,127.95,-124.699,Success
15:50:45,6,162.88,66.34906,Success
15:50:48,7,162.02,-268.8117,Success
15:50:49,6,558.36,-2662.446,Success
15:50:52,8,175.50,-304.2874,Success
15:51:01,8,137.55,94.62128,Success
15:51:08,7,163.88,-113.9358,Success
15:51:09,6,150.40,-87.76996,Success
15:51:15,8,158.02,25.02669,Success
15:51:19,7,118.39,111.5406,Success
15:51:23,6,143.59,16.91172,Success
15:51:23,7,132.45,49.73132,Success
15:51:36,8,135.01,-114.7564,Success
15:51:37,8,127.59,113.563,Success
15:51:38,7,118.97,38.46418,Success
15:51:42,7,152.28,-29.89713,Success
15:51:44,9,133.99,107.4256,Success
15:51:45,7,142.51,104.0226,Success
15:51:52,8,135.23,-5.059906,Success
15:51:53,7,140.41,5.66256,Success
15:51:54,8,141.09,190.5111,Success
15:52:03,8,113.25,169.6643,Success
15:52:08,7,159.10,-39.66071,Success
15:52:10,7,130.83,334.1396,Success
15:52:11,4,171.22,-44.53574,Success
15:52:12,8,149.12,128.9313,Success
15:56:27,7,145.79,153.0575,Success
15:56:27,9,134.95,240.9558,Success
15:56:29,7,111.61,391.7017,Success
15:56:35,8,122.93,337.4765,Success
15:56:36,8,101.18,72.43831,Success
15:56:36,9,135.29,111.9276,Success
15:56:38,7,158.36,92.25533,Success
15:56:43,9,124.03,246.9727,Success
15:56:43,8,119.25,187.6364,Success
15:56:52,10,39.50,-116.1392,NPCCollision
15:57:02,5,131.41,190.5319,Success
15:57:03,7,145.27,219.7021,Success
15:57:07,8,132.51,270.7825,Success
15:57:07,9,135.65,277.8707,Success
15:57:07,8,126.99,424.0675,Success
15:57:07,8,122.21,275.1025,Success
15:57:07,10,123.15,308.8159,Success
15:57:14,9,121.57,180.1708,Success
15:57:14,9,145.19,276.1349,Success
15:57:19,8,128.35,341.6624,Success
15:57:32,9,141.75,447.3005,Success
15:57:42,9,127.87,417.2803,Success
15:57:43,8,135.07,411.1615,Success
15:57:50,8,126.61,295.3935,Success
15:57:52,9,157.48,343.2237,Success
15:57:52,8,147.99,383.8319,Success
15:57:58,8,135.63,624.515,Success
15:58:02,9,130.39,405.9877,Success
15:58:04,10,133.87,376.4504,Success
15:58:07,9,139.59,524.6318,Success
15:58:10,9,132.17,318.0566,Success
15:58:11,8,141.63,452.5666,Success
15:58:17,10,143.77,481.0712,Success
15:58:27,11,139.33,431.927,Success
15:58:32,8,127.11,424.2578,Success
15:58:36,9,128.17,456.7256,Success
15:58:40,9,134.37,490.3345,Success
15:58:41,9,136.55,513.4498,Success
15:58:41,10,136.73,430.1981,Success
15:58:43,11,139.07,393.3254,Success
15:58:46,10,133.61,522.0461,Success
15:58:53,9,137.09,526.0051,Success
15:58:54,10,145.91,371.1758,Success
15:59:02,10,137.03,537.0957,Success
15:59:04,9,123.65,538.8173,Success
15:59:07,9,115.65,462.7465,Success
15:59:09,9,116.69,337.6429,Success
15:59:11,10,119.31,471.214,Success
15:59:11,10,136.41,481.4372,Success
15:59:15,5,137.77,458.4392,Success
15:59:24,11,113.81,246.3934,Success
15:59:28,9,129.75,338.1324,Success
15:59:31,6,118.19,570.6632,Success
15:59:33,10,123.71,519.6995,Success
15:59:33,10,132.59,547.2679,Success
15:59:43,10,134.55,526.9231,Success
15:59:44,9,133.97,509.8603,Success
15:59:45,12,117.53,434.1455,Success
15:59:50,11,133.99,569.1647,Success
15:59:50,9,118.49,581.4026,Success
15:59:54,10,117.97,437.1633,Success
16:00:01,12,17.98,-82.25637,NPCCollision
16:00:01,11,121.01,504.4051,Success
16:00:02,10,122.27,425.0878,Success
16:00:06,10,130.43,535.7753,Success
16:00:06,12,125.67,485.2351,Success
16:00:07,11,121.39,641.1005,Success
16:00:09,10,113.65,445.8321,Success
16:00:11,11,116.57,640.2798,Success
16:00:30,11,111.87,576.9762,Success
16:00:31,11,127.19,438.098,Success
16:00:31,10,124.01,562.6569,Success
16:00:34,11,117.41,450.2153,Success
16:00:35,10,126.55,577.1758,Success
16:00:35,10,122.89,548.9777,Success
16:00:37,12,109.61,455.8556,Success
16:00:50,11,115.07,645.4264,Success
16:00:51,10,124.87,504.688,Success
16:00:55,11,124.37,653.2793,Success
16:00:58,11,112.75,462.1009,Success
16:01:01,10,115.75,616.8668,Success
16:01:02,10,107.13,627.7321,Success
16:01:02,13,115.57,578.9342,Success
16:01:10,11,114.73,611.8213,Success
16:01:21,11,100.72,503.7308,Success
16:01:21,12,105.55,451.3325,Success
16:01:22,13,115.19,549.3427,Success
16:01:23,12,117.21,688.5988,Success
16:01:23,11,116.37,583.2985,Success
16:01:26,11,114.05,548.3492,Success
16:01:26,13,113.73,510.6509,Success
16:01:29,12,110.49,546.3163,Success
16:01:34,12,94.30,542.8423,Success
16:01:43,12,109.59,618.8421,Success
16:01:45,11,111.39,739.1431,Success
16:01:46,12,108.23,587.9102,Success
16:01:47,7,110.55,515.5152,Success
16:01:49,11,111.59,553.9882,Success
16:01:50,11,112.69,587.2885,Success
16:01:51,13,110.87,611.9678,Success
16:01:51,6,116.33,551.4366,Success
16:02:02,12,107.41,551.4602,Success
16:02:02,11,106.41,701.056,Success
16:02:07,12,106.95,645.2064,Success
16:02:09,11,100.18,640.4448,Success
16:02:15,11,104.71,508.4269,Success
16:02:15,12,108.57,606.0198,Success
16:02:21,14,112.19,740.1372,Success
16:02:23,12,102.63,657.9789,Success
16:02:25,13,94.18,586.0398,Success
16:02:27,14,97.42,581.5559,Success
16:02:30,13,99.44,633.1056,Success
16:02:31,12,100.94,544.2686,Success
16:02:32,12,106.75,546.4977,Success
16:02:36,14,103.19,603.9496,Success
16:02:36,12,104.39,627.6691,Success
16:02:41,13,108.09,553.3542,Success
16:02:44,13,103.45,588.7941,Success
16:02:55,13,108.27,635.0913,Success
16:02:56,13,104.29,506.2934,Success
16:02:58,12,109.75,589.4456,Success
16:03:00,14,102.85,702.5591,Success
16:03:01,12,107.85,578.4914,Success
16:03:02,12,107.33,601.2977,Success
16:03:06,13,95.36,626.4424,Success
16:03:17,12,106.05,617.4623,Success
16:03:21,13,98.86,614.465,Success
16:03:22,13,106.97,685.4317,Success
16:03:22,12,103.45,666.2859,Success
16:03:24,12,104.01,669.6586,Success
16:03:28,15,99.82,669.3505,Success
16:03:34,13,105.47,638.5469,Success
16:03:35,15,101.83,675.7978,Success
16:03:35,14,105.95,626.1991,Success
16:03:40,14,87.10,571.5942,Success
16:03:41,14,105.87,713.9096,Success
16:03:41,13,102.69,670.1875,Success
16:03:41,13,105.13,730.7024,Success
16:03:44,13,101.10,626.0232,Success
16:03:45,15,103.29,694.472,Success
16:03:46,8,95.88,527.912,Success
16:03:53,14,103.49,732.4658,Success
16:03:56,7,93.98,535.1534,Success
16:04:04,14,101.93,714.8875,Success
16:04:10,15,97.70,661.7059,Success
16:04:11,13,102.19,560.8162,Success
16:04:12,14,108.87,650.6684,Success
16:04:12,13,98.74,690.2754,Success
16:04:15,13,103.51,707.8418,Success
16:04:17,14,100.68,620.594,Success
16:04:21,13,94.32,647.6368,Success
16:04:26,14,94.08,692.6941,Success
16:04:31,13,102.53,532.2581,Success
16:04:32,14,105.69,653.7888,Success
16:04:34,13,103.59,690.1191,Success
16:04:36,16,101.81,511.0142,Success
16:04:41,14,100.22,600.3234,Success
16:04:43,15,101.64,622.7863,Success
16:04:44,16,103.09,665.3063,Success
16:04:46,15,97.70,703.1908,Success
16:04:47,15,100.46,707.9175,Success
16:04:49,14,101.66,657.1682,Success
16:04:49,14,101.40,653.8557,Success
16:04:52,14,101.50,659.0814,Success
16:04:53,16,101.44,661.3395,Success
16:04:58,15,97.08,641.8213,Success
16:05:13,14,92.44,642.303,Success
16:05:16,15,95.60,645.5345,Success
16:05:16,15,102.19,788.1777,Success
16:05:18,16,102.83,705.6135,Success
16:05:19,14,100.30,660.1382,Success
16:05:20,15,92.80,679.6089,Success
16:05:20,14,97.42,644.2452,Success
16:05:24,14,95.40,685.7415,Success
16:05:30,15,96.54,697.0732,Success
16:05:37,14,99.16,623.9453,Success
16:05:39,15,99.86,659.2925,Success
16:05:40,14,98.92,714.1368,Success
16:05:42,17,99.02,493.2266,Success
16:05:48,15,101.30,838.6823,Success
16:05:50,9,101.40,680.6097,Success
16:05:51,16,101.00,675.5107,Success
16:05:52,17,102.25,683.5815,Success
16:05:53,16,97.58,697.1672,Success
16:05:55,16,103.23,818.8398,Success
16:05:55,15,98.90,674.9199,Success
16:05:57,17,96.60,721.616,Success
16:05:57,15,102.77,650.7798,Success
16:05:59,15,100.72,700.2159,Success
16:06:10,8,98.48,717.0104,Success
16:06:11,16,103.69,575.6975,Success
16:10:45,15,100.50,638.7468,Success
16:10:47,16,98.38,715.1935,Success
16:10:48,15,95.50,678.3062,Success
16:10:50,16,102.87,814.3585,Success
16:10:51,17,100.74,796.7351,Success
16:10:51,16,99.08,724.2529,Success
16:10:52,15,100.64,744.9066,Success
16:10:55,15,98.42,693.393,Success
16:11:01,16,97.40,731.0888,Success
16:11:06,15,94.92,584.1515,Success
16:11:07,16,94.96,603.2336,Success
16:11:12,15,101.12,655.4899,Success
16:11:13,18,97.34,610.7806,Success
16:11:19,16,97.54,627.371,Success
16:11:19,17,93.54,679.491,Success
16:11:20,18,92.12,656.6595,Success
16:11:28,17,98.84,617.4111,Success
16:11:29,16,96.64,675.5487,Success
16:11:31,18,95.52,652.8208,Success
16:11:32,17,100.86,681.4918,Success
16:11:33,16,99.52,678.7541,Success
16:11:34,16,98.70,617.3837,Success
16:11:43,17,99.66,620.4615,Success
16:11:43,16,85.92,607.0274,Success
16:11:53,17,99.26,689.1123,Success
16:11:54,16,91.14,463.2206,Success
16:11:54,16,97.74,639.7066,Success
16:11:56,17,96.24,673.5999,Success
16:11:56,17,98.68,635.2751,Success
16:11:56,18,97.94,586.4191,Success
16:12:02,16,99.44,733.4915,Success
16:12:04,17,94.72,558.9319,Success
16:12:09,17,91.00,555.6705,Success
16:12:11,16,95.90,643.9004,Success
16:12:12,10,95.02,508.6657,Success
16:12:13,16,89.80,662.4116,Success
16:12:17,19,95.48,659.2172,Success
16:12:26,17,93.50,611.8953,Success
16:12:26,19,92.98,626.0982,Success
16:12:29,18,97.86,661.3364,Success
16:12:32,19,91.00,692.694,Success
16:12:33,17,88.18,544.6709,Success
16:12:33,18,97.26,625.563,Success
16:12:35,17,97.40,653.4505,Success
16:12:35,18,94.46,618.7118,Success
16:12:38,17,94.20,615.5364,Success
16:12:41,9,95.10,650.0211,Success
16:12:46,17,92.62,737.6361,Success
16:12:48,18,96.50,630.22,Success
16:12:54,19,84.56,679.7031,Success
16:12:57,18,94.02,701.522,Success
16:12:57,17,94.28,605.0529,Success
16:12:58,18,91.88,660.4316,Success
16:12:58,17,95.02,611.2085,Success
16:13:00,18,95.26,650.9619,Success
16:13:04,17,91.96,851.7944,Success
16:13:05,18,89.26,713.0674,Success
16:13:10,17,84.64,666.3737,Success
16:13:13,18,95.66,731.5027,Success
16:13:14,17,94.16,709.6256,Success
16:13:24,20,93.44,700.3699,Success
16:13:28,20,90.98,673.2833,Success
16:13:29,19,89.18,785.3868,Success
16:13:29,18,94.16,671.168,Success
16:13:33,18,88.86,663.9692,Success
16:13:33,20,90.62,730.8204,Success
16:13:34,19,86.70,682.6268,Success
16:13:35,18,89.70,733.9741,Success
16:13:37,19,94.98,681.3324,Success
16:13:39,18,91.16,703.9467,Success
16:13:49,18,93.54,862.9762,Success
16:13:50,19,92.22,793.6528,Success
16:13:55,19,83.78,693.2257,Success
16:13:55,20,90.26,661.7943,Success
16:13:56,18,85.80,754.6402,Success
16:13:56,19,88.50,765.0079,Success
16:13:59,18,92.90,679.5773,Success
16:14:01,19,90.10,688.2722,Success
16:14:03,19,86.30,771.2578,Success
16:14:06,18,91.68,747.3525,Success
16:14:07,11,92.12,781.6671,Success
16:14:11,18,90.42,780.7714,Success
16:14:15,18,90.60,661.3091,Success
16:14:15,19,92.50,665.5423,Success
16:14:21,21,83.96,717.4218,Success
16:14:25,19,81.80,719.8405,Success
16:14:25,21,86.08,702.5595,Success
16:14:27,20,86.42,714.9069,Success
16:14:33,19,89.62,790.1584,Success
16:14:33,20,88.48,719.6773,Success
16:14:34,21,89.88,658.096,Success
16:14:35,19,89.14,698.5051,Success
16:14:37,20,89.56,780.9927,Success
16:14:40,19,90.00,743.913,Success
16:14:42,10,91.32,759.6716,Success
16:14:48,20,85.96,700.4289,Success
16:14:49,19,90.02,736.1403,Success
16:14:52,19,77.58,454.1263,NPCCollision
16:14:54,20,87.86,739.621,Success
16:14:54,21,87.88,867.8027,Success
16:14:55,19,87.18,676.7696,Success
16:14:55,20,86.78,660.5959,Success
16:15:02,20,90.52,821.163,Success
16:15:03,20,88.80,707.371,Success
16:15:07,19,89.52,674.8644,Success
16:15:10,19,86.88,722.5144,Success
16:15:14,19,86.42,694.2076,Success
16:15:19,20,87.36,743.1251,Success
16:15:21,22,89.06,817.0982,Success
16:15:25,20,88.04,810.0273,Success
16:15:25,22,86.58,691.3301,Success
16:15:26,21,85.14,706.4668,Success
16:15:29,20,80.94,721.3132,Success
16:15:32,22,84.78,711.3237,Success
16:15:32,21,85.84,834.8743,Success
16:15:34,20,86.52,741.3467,Success
16:15:36,21,85.54,700.1157,Success
16:15:37,20,84.26,712.6222,Success
16:15:45,20,81.34,715.6652,Success
16:15:46,21,84.34,850.6069,Success
16:15:46,20,78.46,724.6978,Success
16:15:48,21,79.32,777.6934,Success
16:15:51,22,83.38,931.7239,Success
16:15:52,21,83.86,687.9914,Success
16:15:55,20,88.94,795.1902,Success
16:15:55,21,77.78,684.7518,Success
16:15:59,21,81.20,745.3843,Success
16:16:00,12,89.12,765.947,Success
16:16:05,20,85.60,640.3964,Success
16:16:05,20,80.84,749.7684,Success
16:16:10,21,80.60,792.3241,Success
16:16:10,22,27.88,133.6941,NPCCollision
16:16:10,20,83.38,709.9476,Success
16:16:19,21,80.30,691.3319,Success
16:16:20,22,79.70,740.4974,Success
16:16:21,23,88.38,690.799,Success
16:16:22,23,84.72,743.819,Success
16:16:23,21,79.08,697.4156,Success
16:16:27,22,80.16,759.7678,Success
16:16:28,23,82.18,837.4146,Success
16:16:29,21,80.56,708.0551,Success
16:16:32,22,81.84,749.4727,Success
16:16:32,11,80.70,689.4929,Success
16:16:33,21,82.02,801.9575,Success
16:16:40,22,79.78,789.7664,Success
16:16:41,21,82.04,697.038,Success
16:16:41,21,80.16,723.0323,Success
16:16:44,22,81.32,810.0016,Success
16:16:46,23,80.50,744.951,Success
16:16:47,21,75.12,811.4099,Success
16:16:51,22,81.56,754.7711,Success
16:16:52,22,77.28,736.5093,Success
16:16:59,21,78.64,715.6713,Success
16:16:59,21,78.02,734.1449,Success
16:17:04,23,79.30,756.9005,Success
16:17:05,22,80.48,748.536,Success
16:17:05,21,79.40,794.0186,Success
16:17:08,24,74.14,789.2665,Success
16:17:15,22,80.36,760.7646,Success
16:17:15,22,75.42,776.7642,Success
16:17:16,24,78.94,829.41,Success
16:17:17,23,82.86,786.3793,Success
16:17:21,23,78.52,717.0711,Success
16:17:22,24,79.46,781.6812,Success
16:17:23,22,78.12,749.8063,Success
16:17:24,23,56.24,280.8041,NPCCollision
16:17:26,23,79.44,727.7573,Success
16:17:29,22,81.48,758.9884,Success
16:17:29,23,32.32,193.7613,NPCCollision
16:17:36,23,81.22,741.6856,Success
16:17:36,22,80.04,826.7552,Success
16:17:38,22,84.28,872.8415,Success
16:17:39,13,78.26,715.4814,Success
16:17:39,23,38.82,78.68173,NPCCollision
16:17:39,24,77.36,759.9984,Success
16:17:40,22,76.54,724.4732,Success
16:17:46,23,79.42,829.0167,Success
16:17:47,23,81.40,819.0626,Success
16:17:51,22,76.22,754.5825,Success
16:17:54,22,80.34,832.684,Success
16:17:59,22,78.52,777.1729,Success
16:17:59,24,80.34,758.2139,Success
16:18:02,25,79.14,743.3307,Success
16:18:04,24,75.54,857.0978,Success
16:18:04,23,79.18,840.9422,Success
16:18:05,25,77.42,724.9012,Success
16:18:15,24,74.30,850.2499,Success
16:18:15,24,79.42,789.2982,Success
16:18:16,23,77.12,755.3392,Success
16:18:17,24,74.68,727.9011,Success
16:18:18,25,81.26,844.9873,Success
16:18:19,12,79.66,715.4036,Success
16:18:22,23,78.22,746.1665,Success
16:18:24,24,80.54,861.3785,Success
16:18:27,23,75.28,740.0621,Success
16:18:27,25,70.32,795.8809,Success
16:18:29,26,17.56,26.93296,NPCCollision
16:18:30,24,79.38,715.5618,Success
16:18:32,24,77.42,835.4073,Success
16:18:32,23,77.42,726.7239,Success
16:18:33,23,80.60,756.6166,Success
16:18:39,24,78.28,821.2495,Success
16:18:41,24,78.64,896.1801,Success
16:18:43,23,76.12,809.105,Success
16:18:49,23,82.06,643.3563,Success
16:18:51,23,76.66,763.9958,Success
16:18:51,25,75.80,764.5342,Success
16:18:52,26,72.16,741.5412,Success
16:18:56,24,75.16,904.3683,Success
16:18:56,25,75.70,832.7753,Success
16:18:57,26,75.40,784.2798,Success
16:19:03,25,76.10,947.5111,Success
16:19:04,25,78.70,917.4456,Success
16:19:04,24,77.86,763.7223,Success
16:19:05,25,75.58,842.1566,Success
16:19:16,14,77.96,801.9473,Success
16:19:16,24,78.80,880.493,Success
16:19:16,25,75.92,827.1691,Success
16:19:18,24,73.92,861.3248,Success
16:19:20,26,77.34,735.6061,Success
16:19:21,25,75.58,982.7808,Success
16:19:22,27,76.60,821.3488,Success
16:19:24,25,75.98,830.2803,Success
16:19:25,24,77.06,987.4949,Success
16:19:26,24,77.24,798.8325,Success
16:19:26,27,48.74,467.7218,NPCCollision
16:19:30,25,71.24,761.9543,Success
16:19:30,25,74.70,818.5156,Success
16:19:33,24,72.00,946.2598,Success
16:19:39,24,72.94,766.5103,Success
16:19:41,24,73.42,833.3906,Success
16:19:42,26,74.64,875.496,Success
16:19:45,25,72.48,1081.393,Success
16:19:47,26,73.98,837.8685,Success
16:19:48,28,34.24,317.6168,NPCCollision
16:19:49,27,76.52,763.504,Success
16:19:53,26,71.32,838.2662,Success
16:19:54,26,74.64,832.679,Success
16:19:54,25,72.38,1011.556,Success
16:19:55,26,72.66,901.9142,Success
16:19:55,13,74.22,899.0968,Success
16:20:01,25,72.36,772.1115,Success
16:20:03,26,74.56,876.2278,Success
16:20:09,27,70.54,991.4002,Success
16:20:09,25,74.30,842.0114,Success
16:20:10,25,53.40,594.2359,NPCCollision
16:20:11,26,72.00,881.1954,Success
16:20:11,28,72.18,822.3542,Success
16:20:13,25,69.50,872.7791,Success
16:20:14,26,73.76,885.7462,Success
16:20:16,25,73.36,861.8748,Success
16:20:19,26,71.44,876.5048,Success
16:20:22,26,75.72,1052.313,Success
16:20:28,25,69.10,807.4679,Success
16:20:29,25,73.48,866.3295,Success
16:20:32,27,73.36,786.119,Success
16:20:37,27,73.46,884.5106,Success
16:20:38,26,77.44,691.0379,Success
16:20:40,28,74.30,793.6929,Success
16:20:40,29,76.16,912.435,Success
16:20:41,27,69.10,752.371,Success
16:20:42,26,70.66,904.0367,Success
16:20:43,27,72.76,837.7569,Success
16:20:45,27,73.60,857.1595,Success
16:20:47,26,66.04,622.0756,NPCCollision
16:20:47,15,74.88,930.0081,Success
16:20:51,26,65.32,1016.97,Success
16:20:53,27,73.00,979.0479,Success
16:20:54,28,71.50,856.7341,Success
16:20:54,26,71.76,900.5399,Success
16:20:56,27,72.04,933.4717,Success
16:20:57,29,72.10,1087.23,Success
16:20:58,26,71.32,975.3902,Success
16:20:59,27,70.96,864.8971,Success
16:21:08,26,75.34,580.4788,Success
16:21:09,27,72.98,750.7192,Success
16:21:11,27,71.54,990.813,Success
16:28:46,26,70.90,877.1115,Success
16:28:50,28,73.18,1008.071,Success
16:28:53,26,82.58,794.4476,Success
16:28:57,14,68.48,888.6075,Success
16:28:57,28,75.96,694.637,Success
16:28:58,28,70.44,768.1786,Success
16:28:58,29,73.34,1128.413,Success
16:28:59,27,76.02,947.0389,Success
16:28:59,27,69.72,878.9996,Success
16:29:01,28,73.08,791.152,Success
16:29:04,30,81.54,343.681,Success
16:29:04,28,74.80,796.2426,Success
16:29:05,27,71.96,892.4507,Success
16:29:10,27,72.98,1052.669,Success
16:29:10,29,70.26,871.0919,Success
16:29:10,28,71.36,872.7526,Success
16:29:12,27,72.32,1010.179,Success
16:29:13,30,68.86,931.9335,Success
16:29:13,28,70.82,857.3508,Success
16:29:15,27,70.92,913.4767,Success
16:29:17,28,71.58,877.7536,Success
16:29:23,27,73.58,1051.883,Success
16:29:23,31,16.38,0.09568024,NPCCollision
16:29:25,28,74.88,946.9445,Success
16:29:32,28,76.74,1115.249,Success
16:29:35,27,69.88,998.0596,Success
16:29:39,29,70.08,927.2665,Success
16:29:41,29,31.46,346.2547,NPCCollision
16:29:44,16,71.52,875.8112,Success
16:29:44,27,74.58,1035.795,Success
16:29:46,29,71.36,940.8184,Success
16:29:46,30,69.32,944.118,Success
16:29:48,28,70.88,978.7215,Success
16:29:49,29,68.98,1008.656,Success
16:29:50,28,73.48,1000.947,Success
16:29:50,29,75.14,950.5661,Success
16:29:53,31,70.66,954.6226,Success
16:29:54,28,70.60,929.6616,Success
16:29:56,29,74.06,1101.232,Success
16:29:59,32,10.06,-19.42668,NPCCollision
16:29:59,28,71.42,942.1563,Success
16:30:00,29,70.94,863.6506,Success
16:30:00,30,71.76,981.5089,Success
16:30:01,28,71.10,1055.383,Success
16:30:03,29,71.86,950.6911,Success
16:30:03,28,69.94,975.7955,Success
16:30:10,32,68.42,941.2881,Success
16:30:11,28,70.48,946.3671,Success
16:30:13,29,70.34,1018.524,Success
16:30:16,29,70.16,974.7651,Success
16:30:20,28,70.68,991.2644,Success
16:30:25,30,73.12,981.8713,Success
16:30:30,30,71.32,1043.031,Success
16:30:31,15,69.34,920.8244,Success
16:30:32,28,69.00,901.0118,Success
16:30:36,30,71.04,1052.917,Success
16:30:36,31,71.12,977.9613,Success
16:30:36,29,66.56,916.5176,Success
16:30:37,29,71.52,879.3636,Success
16:30:38,30,70.02,1088.863,Success
16:30:38,30,69.78,1002.058,Success
16:30:41,29,67.50,931.0513,Success
16:30:44,30,70.38,1007.115,Success
16:30:46,33,67.42,966.9103,Success
16:30:48,30,69.22,854.4683,NPCCollision
16:30:50,29,70.06,927.1029,Success
16:30:51,29,74.78,919.6364,Success
16:30:51,31,73.94,917.0198,Success
16:30:52,30,70.64,989.4777,Success
16:30:53,29,72.80,953.9134,Success
16:30:58,33,68.44,872.0085,Success
16:30:59,29,68.50,1192.861,Success
16:31:02,30,70.90,1122.266,Success
16:31:07,30,74.18,972.2216,Success
16:31:08,29,69.42,1063.636,Success
16:31:09,30,31.00,435.3585,NPCCollision
16:31:09,17,70.64,1003.028,Success
16:31:12,31,67.70,955.5049,Success
16:31:14,31,70.06,1029.771,Success
16:31:15,29,67.74,1073.436,Success
16:31:20,31,70.18,1095.216,Success
16:31:20,30,70.58,890.9674,Success
16:31:21,32,71.38,809.3784,NPCCollision
16:31:21,31,68.96,931.8663,Success
16:31:21,30,70.32,1027.405,Success
16:31:22,31,69.38,963.8209,Success
16:31:29,30,69.52,994.6328,Success
16:31:32,31,69.52,992.4318,Success
16:31:33,34,67.28,903.2454,Success
16:31:33,30,47.32,560.2455,NPCCollision
16:31:37,31,71.80,817.7681,Success
16:31:40,30,71.18,943.1462,Success
16:31:40,32,72.06,1011.737,Success
16:31:42,31,73.02,967.7803,Success
16:31:44,30,73.76,962.3591,Success
16:31:45,34,68.24,847.377,Success
16:31:49,31,67.28,1077.466,Success
16:31:52,30,63.04,953.3897,Success
16:31:54,31,63.90,964.858,Success
16:31:55,31,68.88,1082.616,Success
16:32:01,32,69.98,1199.064,Success
16:32:02,32,68.98,1224.778,Success
16:32:03,16,70.30,1095.639,Success
16:32:04,30,70.42,1185.348,Success
16:32:05,31,64.48,974.0721,Success
16:32:06,33,65.22,1041.131,Success
16:32:07,32,65.66,1129.326,Success
16:32:07,32,68.86,1125.79,Success
16:32:08,31,67.40,1046.493,Success
16:32:11,32,70.26,914.0238,Success
16:32:11,31,67.00,1173.311,Success
16:32:14,31,65.24,1086.39,Success
16:32:15,32,67.08,1223.022,Success
16:32:16,35,68.18,1159.498,Success
16:32:20,32,67.62,1103.968,Success
16:32:27,31,67.50,1121.605,Success
16:32:27,33,66.76,1182.96,Success
16:32:27,32,23.14,413.8094,NPCCollision
16:32:28,32,66.36,1253.142,Success
16:32:30,31,65.22,1110.632,Success
16:32:32,18,64.48,1149.22,Success
16:32:33,35,68.68,1055.204,Success
16:32:36,32,68.08,1073.782,Success
16:32:41,32,68.72,937.7054,Success
16:32:42,32,67.34,1101.672,Success
16:32:42,31,73.60,1036.871,Success
16:32:49,33,68.80,1194.637,Success
16:32:50,31,66.84,1131.996,Success
16:32:52,32,67.66,986.2242,Success
16:32:53,34,67.94,1048.86,Success
16:32:53,33,65.60,1013.379,Success
16:32:53,33,67.22,1145.383,Success
16:32:54,33,77.94,921.3473,Success
16:32:56,32,65.88,1146.903,Success
16:32:57,33,67.44,1192.782,Success
16:33:00,33,66.18,929.586,Success
16:33:02,32,69.42,1194.239,Success
16:33:02,36,67.06,1210.556,Success
16:33:04,33,64.16,1266.34,Success
16:33:07,33,63.58,1131.533,Success
16:33:07,34,64.34,993.545,Success
16:33:08,32,28.86,677.2775,NPCCollision
16:33:09,32,67.14,989.8445,Success
16:33:11,32,66.42,1195.88,Success
16:33:13,33,71.36,1196.972,Success
16:33:13,33,59.00,834.7701,NPCCollision
16:33:13,36,64.40,1136.893,Success
16:33:25,33,63.78,974.8771,Success
16:33:29,33,68.70,1176.319,Success
16:33:29,32,68.84,1212.44,Success
16:33:31,33,30.00,408.9747,NPCCollision
16:33:31,17,64.42,1053.01,Success
16:33:35,34,10.26,36.36366,NPCCollision
16:33:35,34,66.70,1262.856,Success
16:33:37,35,63.52,1045.527,Success
16:33:38,33,65.86,1391.182,Success
16:33:38,34,65.36,1293.096,Success
16:33:38,34,64.18,971.3823,Success
16:33:39,34,65.16,1179.801,Success
16:33:42,33,65.46,1006.829,Success
16:33:42,34,65.28,979.6272,Success
16:33:42,34,40.28,700.7016,NPCCollision
16:33:44,34,62.26,1355.54,Success
16:33:46,35,12.36,170.0554,NPCCollision
16:33:46,19,61.62,1007.67,Success
16:33:47,37,65.24,1204.379,Success
16:33:48,33,66.18,1188.141,Success
16:33:49,33,57.26,909.3928,NPCCollision
16:33:51,34,67.42,918.3337,Success
16:33:52,34,64.30,1467.941,Success
16:33:52,35,64.14,976.8056,Success
16:33:55,33,62.14,1114.54,Success
16:33:59,37,65.98,1109.458,Success
16:34:00,34,67.58,1248.301,Success
16:34:07,34,66.44,1138.709,Success
16:34:11,33,65.92,1371.203,Success
16:34:14,34,67.42,1013.693,Success
16:34:15,35,62.90,1092.211,Success
16:34:15,35,63.24,1029.895,Success
16:34:17,34,62.66,1051.993,Success
16:34:22,35,62.78,1066.556,Success
16:34:24,36,67.56,1137.031,Success
16:34:25,35,67.54,1232.09,Success
16:34:28,34,66.60,1040.607,Success
16:34:28,35,66.54,1117.449,Success
16:34:29,35,67.02,754.973,Success
16:34:30,35,66.52,1117.678,Success
16:34:31,36,64.72,1004.257,Success
16:34:32,38,64.36,1238.879,Success
16:34:33,34,65.88,1279.092,Success
16:34:34,35,60.18,985.4474,Success
16:34:34,35,62.72,1142.548,Success
16:34:36,36,63.82,1008.411,Success
16:34:37,34,61.18,968.4011,Success
16:34:38,34,71.76,1150.311,Success
16:34:42,34,42.86,842.2455,NPCCollision
16:34:45,38,66.00,1082.876,Success
16:34:46,35,67.74,1230.985,Success
16:34:46,35,29.46,468.8442,NPCCollision
16:34:48,36,41.70,874.8628,NPCCollision
16:34:52,35,64.08,1276.606,Success
16:34:56,18,64.58,1287.976,Success
16:34:57,35,63.42,1105.89,Success
16:35:00,36,64.28,1145.552,Success
16:35:02,20,62.58,1049.112,Success
16:35:02,36,68.46,1191.065,Success
16:35:04,35,67.24,985.0288,Success
16:35:04,36,61.60,1129.121,Success
16:35:05,37,65.14,1288.882,Success
16:35:07,36,61.74,1205.782,Success
16:35:09,36,63.84,1151.453,Success
16:35:11,37,63.46,1241.251,Success
16:35:11,36,65.62,1258.853,Success
16:35:13,36,61.94,1011.119,Success
16:35:13,35,63.64,1145.742,Success
16:35:14,36,62.94,1282.034,Success
16:35:21,37,64.74,1242.028,Success
16:35:22,39,72.74,1283.031,Success
16:35:22,35,62.52,1254.447,Success
16:35:25,35,69.16,971.1442,Success
16:35:25,35,61.64,1100.134,Success
16:35:28,39,62.44,1050.54,Success
16:35:29,36,62.12,1136.687,Success
16:35:30,36,62.34,1362.279,Success
16:35:32,38,26.82,678.795,NPCCollision
16:35:33,37,64.92,1235.406,Success
16:35:37,36,65.66,1135.513,Success
16:35:40,36,60.34,1019.783,Success
16:35:45,37,65.40,1265.737,Success
16:35:45,37,61.64,1185.611,Success
16:35:46,37,59.86,1253.678,Success
16:35:46,36,61.48,1070.593,Success
16:35:49,38,64.60,1156.946,Success
16:35:51,37,56.90,1245.58,Success
16:35:51,37,63.04,1203.964,Success
16:35:55,36,60.06,1224.113,Success
16:35:55,37,67.56,1188.57,Success
16:35:56,37,59.98,1027.989,Success
16:35:58,37,65.92,1304.725,Success
16:35:59,38,60.44,1306.245,Success
16:36:00,36,61.10,913.3964,NPCCollision
16:36:03,36,61.18,1083.639,Success
16:36:03,36,60.64,1366.94,Success
16:36:06,37,57.70,1064.96,Success
16:36:06,40,69.98,921.4627,Success
16:36:07,37,59.32,1129.987,Success
16:36:09,40,63.80,1269.022,Success
16:36:11,39,61.60,1287.037,Success
16:36:11,38,59.86,1275.205,Success
16:36:19,38,29.16,426.6037,NPCCollision
16:36:20,37,60.96,1064.078,Success
16:36:20,21,60.32,1186.768,Success
16:36:21,37,58.36,1419.743,Success
16:36:22,19,62.84,1271.225,Success
16:36:24,41,18.18,-46.38826,NPCCollision
16:36:27,38,60.76,1341.73,Success
16:36:29,39,56.06,1261.018,Success
16:36:29,38,62.78,1383.075,Success
16:36:29,38,63.12,1251.615,Success
16:36:34,38,61.30,1396.766,Success
16:36:35,37,57.28,1280.344,Success
16:36:35,37,71.42,1293.152,Success
16:36:36,38,58.54,1238.041,Success
16:36:37,38,66.12,1118.616,Success
16:36:41,38,60.60,1315.895,Success
16:36:41,39,59.92,1281.538,Success
16:36:44,37,63.80,1293.224,Success
16:36:45,37,59.12,1150.608,Success
16:36:45,37,59.18,1263.509,Success
16:36:47,41,59.40,1033.615,Success
16:36:48,38,60.68,1150.768,Success
16:36:52,39,59.38,1279.828,Success
16:36:53,40,60.24,1362.308,Success
16:36:55,38,68.90,1184.977,Success
16:36:58,38,61.42,1394.547,Success
16:36:58,39,63.58,1160.39,Success
16:37:00,38,62.32,1340.666,Success
16:37:06,39,58.80,1189.708,Success
16:37:07,40,60.24,1147.841,Success
16:37:08,39,64.22,1287.157,Success
16:37:08,42,69.62,1262.7,Success
16:37:09,39,62.98,1179.449,Success
16:37:11,38,56.44,1388.148,Success
16:37:17,38,59.08,1276.913,Success
16:37:17,39,58.94,1192.518,Success
16:37:19,39,60.12,1532.114,Success
16:37:20,39,66.48,1214.578,Success
16:37:22,40,58.48,1087.969,Success
16:37:22,39,59.62,1354.374,Success
16:37:25,38,57.80,1172.77,Success
16:37:25,38,58.14,1315.054,Success
16:37:27,38,60.08,1396.306,Success
16:37:30,39,59.82,1296.001,Success
16:37:30,42,61.78,1374.703,Success
16:37:32,41,16.14,397.2144,NPCCollision
16:37:32,41,56.10,1390.745,Success
16:37:33,40,58.30,1270.286,Success
16:37:34,22,60.96,1498.327,Success
16:37:36,39,58.82,1169.245,Success
16:37:38,40,55.80,1314.841,Success
16:37:38,39,56.94,1490.097,Success
16:37:40,20,60.14,1022.184,Success
16:37:41,39,58.68,1253.126,Success
16:37:46,41,55.10,1226.917,Success
16:37:46,40,38.12,625.0854,NPCCollision
16:37:47,43,55.48,1330.869,Success
16:37:50,40,58.62,1073.57,Success
16:37:50,40,62.40,968.2872,NPCCollision
16:37:52,39,56.66,1382.853,Success
16:37:52,39,59.38,1491.781,Success
16:37:53,40,56.30,1302.408,Success
16:37:53,40,65.48,1316.548,Success
16:37:55,40,55.74,1367.123,Success
16:37:58,40,62.68,1274.72,Success
16:38:00,39,56.60,1248.172,Success
16:38:02,39,58.64,1289.172,Success
16:38:04,39,59.56,1134.936,Success
16:38:05,42,53.82,715.8163,NPCCollision
16:38:06,40,57.64,1274.616,Success
16:38:06,41,52.96,1319.805,NPCCollision
16:38:07,43,57.80,1528.797,Success
16:38:07,42,56.14,1418.24,Success
16:38:16,40,57.12,1248.948,Success
16:38:19,40,35.62,894.2377,NPCCollision
16:38:19,41,26.54,294.913,NPCCollision
16:38:19,40,55.26,1113.51,Success
16:38:21,40,62.16,1453.696,Success
16:38:21,41,62.98,927.7076,NPCCollision
16:38:25,41,55.70,1459.482,Success
16:38:25,42,57.04,1396.573,Success
16:38:27,44,56.90,1421.088,Success
16:38:28,41,54.88,1563.812,Success
16:38:28,41,55.04,1324.538,Success
16:38:30,41,52.20,1131.566,NPCCollision
16:38:30,40,54.34,1323.702,Success
16:38:30,43,30.20,381.294,NPCCollision
16:38:31,41,54.54,1589.116,Success
16:38:33,41,55.22,1412.05,Success
16:38:39,23,52.96,968.8931,NPCCollision
16:38:41,40,55.22,1265.52,Success
16:38:42,40,58.88,1276.697,Success
16:38:44,41,39.38,837.0495,NPCCollision
16:38:44,40,56.64,1280.241,Success
16:38:44,41,54.32,1327.464,Success
16:38:46,42,55.72,1245.318,Success
16:51:57,44,57.88,1391.733,Success
16:51:57,43,60.24,1296.451,Success
16:52:03,41,57.96,1379.059,Success
16:52:05,21,56.08,1219.817,Success
16:52:05,41,55.76,1386.527,Success
16:52:06,41,54.28,1178.549,Success
16:52:06,42,58.52,1274.104,Success
16:52:07,42,55.88,1307.525,Success
16:52:12,43,56.40,1510.107,Success
16:52:13,45,55.24,1336.115,Success
16:52:13,42,53.54,1295.025,Success
16:52:14,42,60.24,1059.381,Success
16:52:14,42,55.36,1457.287,Success
16:52:14,42,53.38,1652.227,Success
16:52:14,42,52.12,1554.141,Success
16:52:16,44,55.72,1318.06,Success
16:52:22,41,58.06,1384.056,Success
16:52:23,42,55.42,1411.812,Success
16:52:29,41,52.40,1438.199,Success
16:52:31,41,54.66,1148.52,Success
16:52:31,42,50.96,1404.992,Success
16:52:33,42,53.86,1562.07,Success
16:52:34,41,55.16,1297.335,Success
16:52:34,43,52.84,1510.859,Success
16:52:37,45,56.02,1163.713,Success
16:52:43,42,56.90,1304.044,Success
16:52:44,44,64.92,1317.876,Success
16:52:46,42,57.48,1283.67,Success
16:52:47,43,55.72,1478.135,Success
16:52:47,44,48.82,1459.325,Success
16:52:49,42,42.88,630.3068,NPCCollision
16:52:50,43,51.12,1332.744,Success
16:52:51,42,63.80,1278.36,Success
16:52:51,46,53.34,1331.175,Success
16:52:53,43,56.30,1047.478,Success
16:52:53,43,55.00,1388.192,Success
16:52:53,43,67.20,1277.454,Success
16:52:53,44,4.54,-78.25127,NPCCollision
16:52:53,43,54.72,1665.014,Success
16:52:54,45,52.18,1298.596,Success
16:52:54,24,52.80,1400.012,Success
16:52:54,43,12.88,276.7656,NPCCollision
16:52:55,43,58.26,845.9501,NPCCollision
16:52:59,45,9.22,49.66943,NPCCollision
16:53:00,43,17.66,554.1705,NPCCollision
16:53:02,43,60.58,1158.104,Success
16:53:04,46,41.50,795.9315,NPCCollision
16:53:06,42,59.32,1260.658,Success
16:53:07,42,56.00,1340.924,Success
16:53:07,44,52.68,1405.894,Success
16:53:07,42,53.54,1424.03,Success
16:53:08,43,56.88,1349.236,Success
16:53:09,46,15.82,439.5759,NPCCollision
16:53:10,43,61.52,1155.578,Success
16:53:10,44,37.70,946.6902,NPCCollision
16:53:15,47,8.44,193.4417,NPCCollision
16:53:21,43,54.06,1560.25,Success
16:53:22,44,38.18,1099.747,NPCCollision
16:53:22,43,19.08,379.4693,NPCCollision
16:53:23,45,55.50,1570.188,Success
16:53:27,43,50.80,1571.861,Success
16:53:28,48,13.98,475.8931,NPCCollision
16:53:28,22,59.98,1180.325,Success
16:53:29,45,60.22,1310.277,Success
16:53:29,44,51.64,1444.411,Success
16:53:30,44,51.92,1601.071,Success
16:53:31,44,52.80,1370.174,Success
16:53:32,47,58.30,1122.083,Success
16:53:32,44,54.02,1622.359,Success
16:53:33,44,52.80,1324.397,Success
16:53:33,46,56.20,1443.417,Success
16:53:38,44,51.22,1505.614,Success
16:53:38,44,53.38,1482.199,Success
16:53:44,44,46.82,1487.989,Success
16:53:44,43,51.78,1636.811,Success
16:53:45,44,51.52,1540.206,Success
16:53:46,45,55.18,1272.128,Success
16:53:46,47,61.38,1276.505,Success
16:53:48,45,53.92,1407.517,Success
16:53:52,43,65.76,1175.4,Success
16:53:55,44,53.82,1548.321,Success
16:53:55,44,52.66,1480.103,Success
16:53:57,45,55.52,1531.483,Success
16:53:57,45,21.58,532.3078,NPCCollision
16:53:58,46,55.52,1370.513,Success
16:54:01,45,49.86,1299.245,NPCCollision
16:54:02,49,54.06,1369.634,Success
16:54:02,25,54.92,1424.542,Success
16:54:03,45,50.66,1617.432,Success
16:54:03,45,48.28,1147.38,NPCCollision
16:54:04,44,59.32,1162.775,Success
16:54:04,47,49.44,1613.463,Success
16:54:05,48,53.16,1294.136,Success
16:54:05,46,57.86,1354.38,Success
16:54:07,45,59.18,1239.245,Success
16:54:07,45,55.50,1275.022,Success
16:54:10,45,50.08,1523.956,Success
16:54:11,45,51.56,1646.758,Success
16:54:21,44,52.14,1534.705,Success
16:54:23,48,51.18,1483.382,Success
16:54:26,46,56.60,1360.046,Success
16:54:26,45,59.08,1591.293,Success
16:54:27,44,48.62,1462.552,Success
16:54:29,46,58.54,1142.915,Success
16:54:31,45,49.42,1549.84,Success
16:54:32,46,39.10,984.9598,NPCCollision
16:54:33,47,49.10,1466.839,Success
16:54:33,45,53.30,1411.694,Success
16:54:34,23,49.38,1551.397,Success
16:54:34,46,52.50,1553.41,Success
16:54:35,46,48.40,1741.192,Success
16:54:37,46,47.52,1416.727,Success
16:54:37,45,45.90,1613.407,Success
16:54:38,46,57.60,1164.262,Success
16:54:40,47,6.90,18.47419,NPCCollision
16:54:41,47,50.78,1388.713,Success
16:54:42,50,58.02,1220.667,Success
16:54:43,46,50.62,1619.085,Success
16:54:43,46,46.82,1145.799,NPCCollision
16:54:44,48,56.46,1285.809,NPCCollision
16:54:45,49,56.48,1446.945,Success
16:54:47,46,55.76,1341.077,Success
16:54:51,46,57.58,1352.511,Success
16:54:53,48,20.32,331.7898,NPCCollision
16:54:54,45,51.60,1499.715,Success
16:54:55,49,51.56,1380.026,Success
16:54:56,46,47.40,1551.523,Success
16:54:58,47,50.86,1424.257,Success
16:55:02,46,49.98,1580.798,Success
16:55:02,47,48.00,1496.001,Success
16:55:02,26,49.88,1551.31,Success
16:55:03,46,46.64,1557.382,Success
16:55:03,48,47.60,1634.675,Success
16:55:03,45,57.22,1370.022,Success
16:55:04,47,55.16,1492.247,Success
16:55:04,47,48.24,1478.759,Success
16:55:06,47,47.02,1434.339,Success
16:55:09,46,49.76,1710.31,Success
16:55:10,46,25.52,720.1146,NPCCollision
16:55:16,48,47.58,1525.625,Success
16:55:17,47,47.52,1604.255,Success
16:55:18,47,28.18,834.3096,NPCCollision
16:55:18,50,45.84,1407.285,NPCCollision
16:55:19,47,58.50,1300.019,Success
16:55:20,49,50.16,1492.547,Success
16:55:20,51,53.38,1383.78,Success
16:55:21,49,22.06,787.9586,NPCCollision
16:55:21,47,54.38,1419.762,Success
16:55:22,47,49.50,1469.068,Success
16:55:25,47,48.04,1372.324,Success
16:55:25,49,45.40,1017.32,NPCCollision
16:55:32,48,48.38,1777.811,Success
16:55:35,47,45.10,1422.861,NPCCollision
16:55:35,47,46.38,1709.383,Success
16:55:36,48,47.96,1360.053,Success
16:55:37,24,47.82,1664.922,Success
16:55:37,48,46.52,1667.081,Success
16:55:38,48,31.78,914.6028,NPCCollision
16:55:39,46,51.30,1469.688,Success
16:55:41,50,65.74,1436.646,Success
16:55:42,47,45.48,1622.585,Success
16:55:43,48,55.34,1312.63,Success
16:55:44,48,53.46,1340.884,Success
16:55:44,49,19.06,471.3152,NPCCollision
16:55:45,49,47.36,1550.55,Success
16:55:46,48,45.46,1688.126,Success
16:55:47,48,44.56,1477.965,Success
16:55:47,47,54.64,1480.879,Success
16:55:49,50,46.36,1738.455,Success
16:55:50,48,45.58,1579.203,Success
16:55:50,50,46.64,1513.569,Success
16:55:50,52,48.16,1590.656,Success
16:55:52,51,53.70,1364.423,Success
16:55:55,48,52.34,1287.285,Success
16:55:55,50,47.00,1650.978,Success
16:55:56,48,48.92,1096.664,NPCCollision
16:55:57,27,45.02,1444.149,Success
16:56:03,48,45.38,1537.879,Success
16:56:05,51,25.20,546.1435,NPCCollision
16:56:13,47,46.58,1545.934,Success
16:56:13,28,10.54,148.7121,NPCCollision
16:56:14,49,51.18,1342.999,Success
16:56:15,48,56.76,1279.56,Success
16:56:15,49,55.30,1412.391,Success
16:56:15,48,45.48,1604.869,Success
16:56:15,49,44.56,1546.707,Success
16:56:16,49,54.12,1293.666,Success
16:56:17,50,45.54,1525.724,Success
16:56:17,51,51.64,1498.049,Success
16:56:20,49,46.68,1666.408,Success
16:56:21,48,46.76,1425.158,Success
16:56:23,49,55.62,1344.172,Success
16:56:25,53,49.06,1506.224,Success
16:56:25,49,49.94,1345.362,Success
16:56:26,49,56.18,1239.056,Success
16:56:27,51,45.00,1574.292,Success
16:56:29,50,62.96,1344.335,Success
16:56:31,49,50.84,1452.682,Success
16:56:31,51,58.66,1020.644,Success
16:56:31,49,49.02,1506.137,Success
16:56:31,52,55.84,1341.874,Success
16:56:36,52,43.62,1554.099,Success
16:56:40,49,51.12,1322.377,Success
16:56:40,48,43.96,1560.021,Success
16:56:42,50,44.98,1522.227,Success
16:56:44,49,45.88,1524.585,Success
16:56:44,51,42.36,1527.951,Success
16:56:44,25,50.56,1322.079,Success
16:56:44,50,46.38,1413.559,Success
16:56:44,49,46.74,1528.339,Success
16:56:45,50,46.02,1372.245,Success
16:56:45,50,47.92,1407.311,Success
16:56:49,50,47.24,1389.092,Success
16:56:50,49,46.76,1421.88,Success
16:56:52,52,54.54,1610.838,Success
16:56:54,50,44.94,1494.41,Success
16:56:55,52,43.98,1561.02,Success
16:56:55,50,47.60,1500.585,Success
16:56:56,54,48.94,1350.859,Success
16:56:56,51,43.38,1457.318,Success
16:56:58,50,55.32,1485.16,Success
16:56:59,50,45.06,1493.684,Success
16:57:00,53,45.12,1590.804,Success
16:57:00,52,46.82,1555.772,Success
16:57:04,50,52.30,1234.288,Success
16:57:04,29,44.64,1434.58,Success
16:57:05,53,45.58,1646.03,Success
16:57:13,49,46.22,1489.33,Success
16:57:14,51,44.84,1494.182,Success
16:57:17,52,45.44,1478.134,Success
16:57:17,51,45.42,1657.975,Success
16:57:17,50,45.38,1555.998,Success
16:57:19,50,55.56,1271.864,Success
16:57:20,50,50.40,1524.203,Success
16:57:21,51,49.88,1567.108,Success
16:57:21,51,44.48,1700.286,Success
16:57:23,50,45.38,1570.861,Success
16:57:27,51,60.52,1038.052,Success
16:57:28,51,46.24,1475.019,Success
16:57:28,51,44.96,1520.209,Success
16:57:28,55,44.56,1537.811,Success
16:57:28,52,11.52,251.0896,NPCCollision
16:57:30,52,47.16,1658.268,Success
16:57:32,54,44.44,1549.31,Success
16:57:33,53,45.46,1720.373,Success
16:57:33,51,47.94,1297.848,Success
16:57:35,51,51.92,1613.135,Success
16:57:35,53,56.58,1445.284,Success
16:57:36,50,35.88,862.5157,NPCCollision
16:57:36,54,43.38,1557.177,Success
16:57:38,53,67.60,1336.247,Success
16:57:41,51,52.58,1431.042,Success
16:57:43,52,45.46,1779.5,Success
16:57:44,51,39.68,1051.081,NPCCollision
16:57:44,26,44.44,1556.759,Success
16:57:47,51,47.50,1650.974,Success
16:57:47,51,43.78,1685.076,Success
16:57:48,53,49.24,1513.657,Success
16:57:48,52,49.04,1469.249,Success
16:57:49,52,44.28,1491.856,Success
16:57:49,51,21.44,515.7858,NPCCollision
16:57:55,52,44.80,1474.266,Success
16:57:56,56,44.58,1465.461,Success
16:57:57,52,47.84,1494.871,Success
16:57:58,51,56.06,1301.188,Success
16:57:58,53,44.62,1655.65,Success
16:57:59,30,44.50,1376.959,Success
16:57:59,53,50.22,1384.423,Success
16:58:00,55,44.28,1494.207,Success
16:58:00,52,51.88,1517.827,Success
16:58:02,54,45.40,1732.733,Success
16:58:02,52,43.38,1546.697,Success
16:58:03,52,47.00,1626.534,Success
16:58:09,54,48.08,1588.882,Success
16:58:12,54,47.22,1598.682,Success
16:58:14,52,46.02,1546.593,Success
16:58:15,55,54.62,1346.271,Success
16:58:17,53,16.50,321.0327,NPCCollision
16:58:18,53,49.96,1616.061,Success
16:58:19,52,44.04,1326.428,Success
16:58:20,53,42.68,1500.734,Success
16:58:20,54,45.42,1614.9,Success
16:58:20,52,46.34,1641.438,Success
16:58:20,52,51.96,1456.156,Success
16:58:21,53,45.66,1497.164,Success
16:58:22,52,45.06,1637.902,Success
16:58:27,57,43.30,1592.965,Success
16:58:30,54,42.08,1506.117,Success
16:58:30,53,45.30,1778.723,Success
16:58:31,56,42.30,1490.835,Success
16:58:32,52,47.20,1507.874,Success
16:58:32,54,47.98,1534.436,Success
16:58:33,54,20.10,545.6187,NPCCollision
16:58:34,55,44.42,1734.361,Success
16:58:34,53,54.28,1366.374,Success
16:58:34,53,43.98,1444.796,Success
16:58:37,55,44.12,1574.629,Success
16:58:39,54,34.58,967.7539,NPCCollision
16:58:41,55,45.42,1649.649,Success
16:58:41,53,58.02,1332.006,Success
16:58:42,56,43.90,1532.005,Success
16:58:43,53,45.32,1732.506,Success
16:58:45,54,18.16,325.199,NPCCollision
16:58:48,54,44.02,1482.745,Success
16:58:48,53,45.66,1536.037,Success
16:58:48,53,43.76,1571.1,Success
16:58:49,55,45.82,1560.772,Success
16:58:49,53,43.44,1574.037,Success
16:58:51,54,51.12,1436.82,Success
16:58:52,56,23.58,623.9928,NPCCollision
16:58:53,53,51.16,1511.034,Success
16:58:54,31,44.78,1649.899,Success
16:58:55,27,53.64,1448.875,Success
16:58:55,56,9.18,93.94691,NPCCollision
16:58:57,58,46.50,1113.257,NPCCollision
16:58:58,57,42.84,1586.839,Success
16:58:58,53,42.12,1444.587,Success
16:58:59,55,42.54,1503.437,Success
16:58:59,55,46.54,1690.72,Success
16:59:01,55,43.10,1528.321,Success
16:59:01,57,14.36,538.4504,NPCCollision
16:59:01,54,42.90,1513.043,Success
16:59:07,56,45.58,1715.01,Success
16:59:09,54,54.80,1259.41,Success
16:59:11,55,43.90,1547.424,Success
16:59:11,54,38.44,1167.828,NPCCollision
16:59:11,57,19.02,502.8649,NPCCollision
16:59:13,57,41.76,1519.158,Success
16:59:13,54,44.10,1118.898,NPCCollision
16:59:19,54,43.06,1521.634,Success
16:59:20,55,48.22,1462.059,Success
16:59:20,32,18.98,460.6633,NPCCollision
16:59:20,55,45.06,1670.524,Success
16:59:21,55,16.08,299.3844,NPCCollision
16:59:22,56,58.42,1107.126,Success
16:59:22,54,44.94,1583.966,Success
16:59:24,54,51.20,1635.456,Success
16:59:25,55,18.38,360.8304,NPCCollision
16:59:25,55,48.78,1541.647,Success
16:59:28,58,42.28,1400.395,Success
16:59:30,54,44.06,1578.044,Success
16:59:31,59,47.40,1483.209,Success
16:59:31,56,43.84,1545.124,Success
16:59:32,56,42.94,1476.464,Success
16:59:32,56,45.58,1566.577,Success
16:59:32,58,43.60,1511.173,Success
16:59:34,55,46.00,1760.647,Success
16:59:36,57,46.10,1489.505,Success
16:59:36,55,43.10,1482.09,Success
16:59:38,56,43.02,1538.492,Success
16:59:39,58,43.66,1456.473,Success
16:59:43,54,72.84,146.6802,NPCCollision
16:59:44,58,48.74,1506.364,Success
16:59:47,56,42.58,1461.866,Success
16:59:48,57,42.72,1515.105,Success
16:59:50,55,49.36,1609.991,Success
16:59:50,56,46.20,1775.182,Success
16:59:51,55,45.72,1426.691,Success
16:59:53,55,45.26,1613.523,Success
16:59:54,28,44.64,1523.214,Success
16:59:54,57,35.20,1089.695,NPCCollision
16:59:54,56,46.82,1490.201,Success
16:59:55,56,55.24,1359.922,Success
16:59:56,59,44.14,1380.628,Success
16:59:59,56,52.56,1581.319,Success
16:59:59,57,43.02,1480.458,Success
17:00:04,57,45.62,1511.898,Success
17:00:05,60,47.04,1406.913,Success
17:00:05,59,44.60,1635.77,Success
17:00:05,56,38.86,1060.048,NPCCollision
17:00:05,58,39.60,1126.004,NPCCollision
17:00:06,55,49.66,1254.893,Success
17:00:08,58,15.78,402.1511,NPCCollision
17:00:09,57,42.54,1502.042,Success
17:00:09,57,15.30,438.1292,NPCCollision
17:00:12,56,53.60,1375.482,Success
17:00:15,59,50.84,1252.031,Success
17:00:16,55,46.40,1523.189,Success
17:00:17,59,46.34,1570.47,Success
17:00:18,57,43.86,1630.92,Success
17:00:20,58,43.04,1558.878,Success
17:00:23,56,44.62,1223.813,Success
17:00:23,56,46.44,1377.472,Success
17:00:27,57,45.32,1545.368,Success
17:00:27,57,51.76,1469.285,Success
17:00:29,60,45.94,1388.399,Success
17:00:30,33,57.78,1217.632,Success
17:00:31,58,43.28,1475.213,Success
17:00:31,60,42.62,1447.765,Success
17:00:32,59,43.66,1545.865,Success
17:00:32,57,47.24,1564.454,Success
17:00:33,61,44.86,1559.677,Success
17:00:34,56,44.48,1549.734,Success
17:00:34,57,46.76,1473.742,Success
17:00:36,58,50.18,1402.976,Success
17:00:37,58,44.48,1693.622,Success
17:00:37,59,45.98,1508.601,Success
17:00:38,61,10.04,238.6287,NPCCollision
17:00:38,58,6.98,26.21837,NPCCollision
17:00:39,57,42.78,1574.859,Success
17:00:39,58,48.48,1384.597,Success
17:00:43,60,41.62,1498.648,Success
17:00:43,59,10.08,206.9139,NPCCollision
17:00:45,56,46.40,1476.4,Success
17:00:45,56,76.42,1069.523,Success
17:00:45,58,43.28,1544.132,Success
17:00:46,60,49.52,1573.954,Success
17:00:48,62,16.34,341.2072,NPCCollision
17:00:49,59,17.00,367.1656,NPCCollision
17:00:50,60,19.92,532.0854,NPCCollision
17:00:50,59,47.80,1789.409,Success
17:00:51,57,44.40,1540.694,Success
17:00:52,29,43.62,1699.887,Success
17:00:53,57,46.74,1694.739,Success
17:00:55,60,19.30,573.5126,NPCCollision
17:00:55,61,15.32,296.5295,NPCCollision
17:00:56,58,46.06,1669.566,Success
17:01:02,58,49.96,1688.701,Success
17:01:02,61,45.90,1459.826,Success
17:01:03,59,45.28,1523.001,Success
17:01:03,60,42.90,1388.418,Success
17:01:04,58,43.32,1506.587,Success
17:01:05,57,43.94,1602.832,Success
17:01:08,62,50.04,1516.199,Success
17:01:10,58,44.14,1612.362,Success
17:01:10,59,43.08,1565.376,Success
17:01:11,59,50.68,1587.644,Success
17:01:16,59,42.84,1470.738,Success
17:01:17,57,44.52,1438.496,Success
17:01:17,57,44.84,1549.913,Success
17:01:21,61,54.26,1261.26,Success
17:01:22,61,44.66,1700.988,Success
17:01:22,60,45.82,1614.463,Success
17:01:22,63,48.06,1405.456,Success
17:01:22,58,44.04,1722.854,Success
17:01:24,62,38.28,1201.701,NPCCollision
17:01:24,59,38.46,1132.292,NPCCollision
17:01:25,58,45.48,1810.378,Success
17:01:26,34,45.38,1558.788,Success
17:01:27,60,52.90,1582.402,Success
17:01:29,61,47.26,1675.918,Success
17:01:29,59,42.48,1453.899,Success
17:01:30,59,11.42,202.0245,NPCCollision
17:01:31,61,44.70,1463.971,Success
17:01:32,58,43.02,1444.312,Success
17:01:34,60,27.32,868.5688,NPCCollision
17:01:34,59,48.36,1441.147,Success
17:01:34,62,50.84,1579.474,Success
17:01:37,63,46.54,1447.005,Success
17:01:38,60,55.66,1251.936,Success
17:01:38,59,44.42,1723.491,Success
17:01:38,61,7.86,174.5254,NPCCollision
17:01:39,60,45.00,1688.661,Success
17:01:39,60,44.44,1696.955,Success
17:01:42,62,33.52,1208.848,NPCCollision
17:01:44,58,42.32,1492.807,Success
17:01:45,62,10.70,133.8412,NPCCollision
17:01:47,58,46.74,1489.055,Success
17:01:49,30,42.78,1543.156,Success
17:01:49,64,43.38,1654.562,Success
17:01:50,61,44.14,1544.389,Success
17:01:51,61,18.48,488.601,NPCCollision
17:01:52,62,47.42,1559.548,Success
17:01:52,63,44.34,1507.823,Success
17:01:52,60,43.98,1745.41,Success
17:01:54,61,22.20,695.5424,NPCCollision
17:01:55,59,44.02,1491.332,Success
17:01:56,61,42.14,1649.246,Success
17:02:05,62,41.90,1507.365,Success
17:02:06,60,43.40,1487.679,Success
17:02:09,60,45.40,1343.622,Success
17:02:09,62,42.70,1537.543,Success
17:02:13,60,41.16,1570.572,Success
17:02:17,59,47.20,1384.25,Success
17:02:18,63,44.90,1532.046,Success
17:02:20,31,12.84,22.3254,NPCCollision
17:02:21,64,43.30,1303.072,Success
17:02:25,60,45.34,1742.49,Success
17:02:26,62,23.04,629.4924,NPCCollision
17:02:28,63,43.34,1663.62,Success
17:02:30,59,43.48,1491.677,Success
17:02:33,63,44.02,1557.581,Success
17:02:36,59,45.04,1572.916,Success
17:02:39,65,43.24,1612.801,Success
17:02:40,62,44.46,1695.727,Success
17:02:40,61,41.70,1472.039,Success
17:02:40,64,41.80,1464.862,Success
17:02:42,63,17.00,459.704,NPCCollision
17:02:42,63,44.22,1737.428,Success
17:02:43,60,42.46,1577.182,Success
17:02:45,62,44.84,1631.101,Success
17:02:45,62,48.14,1288.592,Success
17:02:47,63,7.62,69.0481,NPCCollision
17:02:47,61,71.38,362.5411,Success
17:02:48,63,43.86,1697.408,Success
17:02:49,61,43.78,1607.413,Success
17:02:49,35,51.70,1170.388,Success
17:02:51,61,43.32,1474.317,NPCCollision
17:02:52,63,44.42,1710.463,Success
17:02:54,61,44.24,1490.861,Success
17:02:54,60,42.36,1574.706,Success
17:02:57,65,41.60,1529.096,Success
17:02:58,64,45.50,1769.579,Success
17:02:59,61,41.08,1487.599,Success
17:03:01,62,18.76,461.7369,NPCCollision
17:03:06,64,20.68,492.6483,NPCCollision
17:03:08,64,43.90,1630.342,Success
17:03:09,60,42.64,1467.031,Success
17:03:12,60,52.98,1603.378,Success
17:03:12,64,56.18,1424.535,Success
17:03:14,65,44.52,1840.053,Success
17:03:14,61,41.50,1623.309,Success
17:03:15,63,41.64,1529.814,Success
17:03:16,66,50.04,1523.949,Success
17:03:21,64,48.18,1312.118,Success
17:03:22,64,47.92,1402.714,Success
17:03:22,62,50.78,1475.835,Success
17:03:23,63,47.04,1610.391,Success
17:03:25,62,44.88,1706.217,Success
17:03:26,64,48.14,1397.342,Success
17:03:30,64,55.16,1222.901,Success
17:03:31,65,41.34,1508.496,Success
17:03:31,64,16.84,522.6568,NPCCollision
17:03:32,62,48.86,1496.219,Success
17:03:32,66,44.62,1397.704,Success
17:03:33,62,42.66,1307.393,Success
17:03:35,61,51.86,1309.343,Success
17:03:36,62,59.34,1391.211,Success
17:03:37,63,45.52,1644.667,Success
17:03:40,65,43.20,1652.216,Success
17:03:41,32,51.78,1597.746,Success
17:03:43,65,45.22,1421.156,Success
17:03:44,61,44.40,1607.889,Success
17:03:47,65,43.76,1484.558,Success
17:03:47,62,42.82,1602.668,Success
17:03:47,66,43.12,1623.377,Success
17:03:48,61,46.26,1686.118,Success
17:03:50,65,42.30,1622.101,Success
17:03:52,62,24.86,731.4231,NPCCollision
17:03:53,65,44.90,1744.804,Success
17:03:54,63,41.98,1595.888,Success
17:03:55,64,45.58,1786.256,Success
17:03:55,36,48.22,1238.979,Success
17:03:55,63,47.88,1449.068,Success
17:03:57,65,45.62,1508.632,Success
17:03:58,67,54.88,1578.128,Success
17:04:00,65,43.46,1707.642,Success
17:04:01,63,42.84,1600.323,Success
17:04:02,66,44.44,1726.946,Success
17:04:02,63,41.56,1630.212,Success
17:04:03,65,46.52,1410.752,Success
17:04:04,67,46.04,1434.229,Success
17:04:07,64,43.76,1584.965,Success
17:04:10,63,48.56,1389.609,Success
17:04:11,66,44.08,1486.598,Success
17:04:12,66,42.12,1544.263,Success
17:04:13,66,37.68,698.9816,NPCCollision
17:04:17,62,42.96,1518.723,Success
17:04:19,63,45.84,1635.153,Success
17:04:24,63,40.88,1532.058,Success
17:04:25,67,48.28,1524.72,Success
17:04:25,62,53.68,1198.27,Success
17:04:28,66,44.40,1462.277,Success
17:04:28,66,47.82,1113.222,NPCCollision
17:04:30,64,45.10,1433.124,Success
17:04:31,68,41.96,1529.981,Success
17:04:33,65,50.20,1529.201,Success
17:04:34,66,43.22,1684.188,Success
17:04:36,64,44.46,1586.536,Success
17:04:37,64,56.50,1384.985,Success
17:04:37,68,41.64,1475.74,Success
17:04:37,64,45.96,1542.252,Success
17:04:38,64,34.94,940.2657,NPCCollision
17:04:39,66,53.64,1248.961,NPCCollision
17:04:39,66,45.26,1712.434,Success
17:04:40,65,41.22,1589.866,Success
17:04:41,33,40.80,1554.589,Success
17:04:46,67,45.24,1453.795,Success
17:04:46,67,58.62,1205.854,Success
17:04:48,67,43.96,1730.912,Success
17:04:49,64,35.42,1156.417,NPCCollision
17:04:51,63,41.60,1573.986,Success
17:04:51,67,17.70,571.3812,NPCCollision
17:04:52,67,49.98,1222.649,Success
17:04:53,37,42.38,1637.148,Success
17:04:54,63,40.88,1566.024,Success
17:04:55,68,42.52,1513.502,Success
17:04:55,64,45.40,1638.32,Success
17:04:57,67,41.50,1542.674,Success
17:04:57,67,42.60,1625.988,Success
17:05:00,65,42.60,1678.185,Success
17:05:02,69,44.16,1545.692,Success
17:05:03,66,43.52,1559.904,Success
17:05:05,67,44.28,1662.713,Success
17:05:06,65,40.02,1540.356,Success
17:05:06,65,42.46,1573.979,Success
17:05:07,65,44.68,1492.672,Success
17:05:08,69,45.34,1577.45,Success
17:05:09,66,42.78,1769.878,Success
17:05:10,65,48.76,1778.039,Success
17:05:11,67,47.66,1505.64,Success
17:05:12,69,25.46,631.997,NPCCollision
17:05:14,68,41.46,1498.151,Success
17:05:15,34,25.46,416.4687,NPCCollision
17:05:16,68,41.52,1576.215,Success
17:05:17,68,45.34,1633.342,Success
17:05:19,68,40.78,1487.345,Success
17:05:20,64,43.32,1706.826,Success
17:05:23,64,43.44,1395.469,Success
17:05:28,68,47.92,1470.733,Success
17:05:28,65,52.10,1499.901,Success
17:05:28,68,41.22,1551.918,Success
17:05:29,65,45.54,1528.953,Success
17:05:31,68,44.22,1508.85,Success
17:05:31,66,40.40,1466.345,Success
17:05:33,66,32.36,785.0775,NPCCollision
17:05:34,70,42.70,1516.804,Success
17:05:37,67,44.18,1506.632,Success
17:05:37,68,42.26,1564.332,Success
17:05:38,66,43.30,1405.767,Success
17:05:39,70,41.50,1470.042,Success
17:05:39,66,44.98,1409.078,Success
17:05:41,67,41.78,1654.729,Success
17:05:42,66,41.48,1454.634,Success
17:05:43,69,24.38,825.2562,NPCCollision
17:05:46,69,42.16,1599.024,Success
17:05:47,38,41.58,1600.869,Success
17:05:47,68,47.66,1592.7,Success
17:05:47,69,41.28,1533.621,Success
17:05:49,70,49.56,1480.914,Success
17:05:50,69,41.12,1571.321,Success
17:05:52,65,43.16,1667.39,Success
17:05:54,65,42.10,1733.108,Success
17:05:55,69,50.74,1299.921,Success
17:05:55,66,41.86,1527.773,Success
17:05:56,66,40.96,1594.273,Success
17:05:57,69,43.70,1459.326,Success
17:05:58,69,41.12,1534.037,Success
17:06:01,71,40.04,1497.862,Success
17:06:03,67,49.34,1447.17,Success
17:06:05,68,43.66,1429.965,Success
17:06:06,69,44.08,1406.268,Success
17:06:06,67,40.00,1488.575,Success
17:06:06,67,42.58,1510.506,Success
17:06:07,71,41.62,1413.497,Success
17:06:07,68,39.92,1535.151,Success
17:06:09,67,55.20,1454.556,Success
17:06:14,69,41.28,1626.294,Success
17:06:15,67,49.58,1518.648,Success
17:06:15,35,43.02,1342.152,NPCCollision
17:06:15,70,43.08,1669.609,Success
17:06:16,71,41.04,1573.782,Success
17:06:17,70,46.54,1288.846,Success
17:06:18,70,52.02,1369.969,Success
17:06:18,70,42.62,1551.373,Success
17:06:18,72,27.00,875.2374,NPCCollision
17:06:19,66,41.48,1566.117,Success
17:06:21,39,29.38,877.7722,NPCCollision
17:06:21,70,40.34,1506.256,Success
17:06:28,67,41.68,1519.705,Success
17:06:28,70,40.82,1423.102,Success
17:06:28,70,40.38,1593.255,Success
17:06:29,67,45.42,1479.199,Success
17:06:30,69,28.40,840.6505,NPCCollision
17:06:31,66,50.14,1297.821,Success
17:06:35,69,39.62,1459.685,Success
17:06:36,68,43.98,1655.52,Success
17:06:37,68,40.30,1474.681,Success
17:06:37,72,40.58,1506.475,Success
17:06:39,70,43.90,1559.364,Success
17:06:39,68,44.74,1681.911,Success
17:06:42,68,43.78,1512.88,Success
17:06:45,70,41.20,1483.644,Success
17:06:46,72,40.18,1483.577,Success
17:06:48,71,40.84,1601.324,Success
17:06:48,71,43.88,968.7418,NPCCollision
17:06:48,71,41.08,1511.611,Success
17:06:49,69,19.56,504.3546,NPCCollision
17:06:49,69,19.10,506.7613,NPCCollision
17:06:50,71,42.64,1452.62,Success
17:06:51,68,49.66,1375.588,Success
17:06:51,67,42.16,1627.998,Success
17:06:52,73,45.80,1287.405,Success
17:06:52,71,41.22,1492.582,Success
17:06:55,68,41.42,1721.3,Success
17:06:56,71,42.18,1438.533,Success
17:06:57,71,44.40,1477.009,Success
17:06:57,70,41.22,1584.078,Success
17:07:03,67,47.64,1427.233,Success
17:07:04,72,23.84,704.393,NPCCollision
17:07:05,73,41.52,1601.234,Success
17:07:06,68,56.04,1235.316,Success
17:07:06,74,21.52,766.4437,NPCCollision
17:07:06,70,47.40,1493.483,Success
17:07:08,71,45.00,1586.655,Success
17:07:10,69,42.10,1587.56,Success
17:07:12,71,41.94,1466.182,Success
17:07:14,73,43.44,1566.694,Success
17:07:15,69,55.34,1467.76,Success
17:07:16,72,43.00,1372.84,Success
17:07:17,70,42.26,1669.127,Success
17:07:18,72,43.14,1544.816,Success
17:07:18,69,41.52,1518.218,Success
17:07:18,36,45.62,1572.116,Success
17:07:19,70,44.86,1595.033,Success
17:07:19,68,42.62,1647.124,Success
17:07:20,72,41.58,1597.995,Success
17:07:21,72,51.60,1366.321,Success
17:07:22,70,18.24,520.4561,NPCCollision
17:07:22,40,48.00,1510.562,Success
17:07:29,69,46.22,1459.504,Success
17:07:29,72,44.34,1621.268,Success
17:07:30,70,16.02,411.0211,NPCCollision
17:07:30,72,45.00,1559.494,Success
17:07:33,68,40.04,1576.166,Success
17:07:36,73,42.80,1434.584,Success
17:07:36,69,40.20,1561.417,Success
17:07:38,72,40.32,1599.915,Success
17:07:39,71,58.92,1355.277,Success
17:07:40,75,45.72,1378.847,Success
17:07:40,73,22.86,657.5565,NPCCollision
17:07:41,71,46.04,1555.279,Success
17:07:41,73,28.82,944.876,NPCCollision
17:07:43,72,40.42,1411.693,Success
17:07:45,74,55.42,1057.27,Success
17:07:46,74,41.74,1660.383,Success
17:07:46,71,24.68,785.3165,NPCCollision
17:07:47,71,40.04,1584.364,Success
17:07:48,70,39.44,1524.254,Success
17:07:48,73,42.98,1730.768,Success
17:07:50,69,41.60,1586.622,Success
17:07:51,71,42.92,1604.376,Success
17:07:51,71,39.24,1442.256,Success
17:07:53,73,44.84,1557.446,Success
17:07:53,76,19.52,485.9211,NPCCollision
17:07:55,74,21.04,738.7404,NPCCollision
17:07:56,70,40.66,1640.676,Success
17:07:56,74,11.30,353.0833,NPCCollision
17:07:56,73,41.26,1584.873,Success
17:07:57,73,40.38,1557.667,Success
17:08:01,69,42.38,1532.265,Success
17:08:04,74,41.46,1534.376,Success
17:08:04,70,41.80,1563.363,Success
17:08:08,73,42.80,1341.718,Success
17:08:08,74,40.64,1602.21,Success
17:08:09,72,43.48,1289.171,NPCCollision
17:08:10,75,19.34,491.1291,NPCCollision
17:08:11,71,8.54,191.7468,NPCCollision
17:08:12,72,45.50,1468.655,Success
17:08:13,73,43.14,1788.893,Success
17:08:17,75,43.70,1303.874,Success
17:08:17,72,43.52,1507.107,Success
17:08:18,37,40.96,1464.834,Success
17:08:18,41,41.02,1621.02,Success
17:08:18,75,47.06,1505.777,Success
17:08:19,74,14.70,251.9485,NPCCollision
17:08:19,72,45.20,1339.131,Success
17:08:20,70,40.84,1491.517,Success
17:08:20,71,44.36,1452.129,Success
17:08:21,72,40.84,1583.844,Success
17:08:22,77,40.34,1519.362,Success
17:08:23,74,41.42,1610.448,Success
17:08:24,72,45.64,1417.952,Success
17:08:25,72,19.46,490.3693,NPCCollision
17:08:25,75,41.76,1489.581,Success
17:08:32,74,43.92,1516.41,Success
17:08:35,74,47.44,1531.845,Success
17:08:35,70,42.12,1609.414,Success
17:08:37,75,40.62,1542.253,Success
17:08:38,71,54.10,1180.601,Success
17:08:39,73,36.88,1224.613,NPCCollision
17:08:42,75,42.38,1667.114,Success
17:08:43,76,41.16,1642.182,Success
17:08:45,73,41.14,1571.918,Success
17:08:47,76,39.00,1408.538,Success
17:08:48,74,45.52,1551.949,Success
17:08:49,76,39.68,1374.057,NPCCollision
17:08:50,73,43.02,1507.58,Success
17:08:51,73,32.62,854.395,NPCCollision
17:08:51,71,40.74,1519.948,Success
17:08:51,75,42.78,1431.735,Success
17:08:53,73,41.62,1436.529,Success
17:08:53,73,44.28,1529.649,Success
17:08:53,78,40.00,1458.483,Success
17:08:53,72,44.22,1607.227,Success
17:08:55,76,5.60,2.869507,NPCCollision
17:08:57,77,12.02,140.6911,NPCCollision
17:08:57,76,42.50,1500.071,Success
17:08:57,75,45.32,1440.126,Success
17:08:58,38,27.06,766.9695,NPCCollision
17:08:59,75,40.28,1487.881,Success
17:09:00,73,47.88,1289.27,NPCCollision
17:09:04,71,42.86,1611.396,Success
17:09:04,76,40.38,1499.813,Success
17:09:05,77,14.96,292.1584,NPCCollision
17:09:06,72,41.52,1507.216,Success
17:09:06,75,26.46,638.6533,NPCCollision
17:09:06,74,40.42,1490.124,Success
17:09:07,75,48.06,1497.905,Success
17:09:09,77,39.10,1399.307,Success
17:09:11,78,20.72,564.3359,NPCCollision
17:09:11,74,39.72,1548.733,Success
17:09:12,76,44.64,1435.13,Success
17:09:16,77,43.76,1448.987,Success
17:09:16,42,44.52,1504.942,Success
17:09:17,73,35.92,1102.947,NPCCollision
17:09:18,74,40.86,1537.257,Success
17:09:19,72,42.02,1661.959,Success
17:09:19,72,23.46,660.757,NPCCollision
17:09:19,79,39.84,1538.549,Success
17:09:20,74,40.54,1554.62,Success
17:09:23,74,46.88,1514.064,Success
17:09:24,76,38.74,1475.508,Success
17:09:31,74,54.86,1074.39,Success
17:09:32,77,45.78,1483.276,Success
17:09:34,74,46.48,1323.121,Success
17:09:35,77,40.24,1476.352,Success
17:09:36,78,40.66,1564.19,Success
17:09:36,77,31.36,891.6581,NPCCollision
17:09:37,73,40.72,1597.584,Success
17:09:37,76,40.82,1670.264,Success
17:09:37,76,53.32,1257.256,Success
17:09:38,76,41.54,1719.283,Success
17:09:39,78,39.72,1469.438,Success
17:09:39,75,44.50,1480.989,Success
17:09:41,75,39.68,1466.852,Success
17:09:41,79,40.56,1623.622,Success
17:09:46,74,13.84,338.1099,NPCCollision
17:09:47,74,39.90,1491.505,Success
17:09:48,75,39.40,1388.421,Success
17:09:48,78,42.32,1455.451,Success
17:09:49,76,14.58,311.3506,NPCCollision
17:09:50,73,40.40,1467.904,Success
17:09:50,80,40.64,1490.513,Success
17:09:50,73,41.56,1643.242,Success
17:09:52,75,43.42,1577.702,Success
17:09:54,39,40.06,1524.127,Success
17:09:55,75,41.38,1692.056,Success
17:09:59,75,44.52,1442.632,Success
17:10:00,75,39.12,1402.296,Success
17:10:01,77,50.06,1338.717,Success
17:10:02,79,40.08,1526.474,Success
17:10:02,78,47.06,1387.639,Success
17:10:03,78,40.18,1567.941,Success
17:10:03,76,12.98,401.508,NPCCollision
17:10:03,78,44.22,1432.65,Success
17:10:04,79,37.80,1373.099,Success
17:10:04,77,41.64,1597.703,Success
17:10:05,77,41.06,1431.396,Success
17:10:07,43,38.74,1420.002,Success
17:10:07,77,45.78,1331.24,Success
17:10:08,76,40.54,1481.637,Success
17:10:08,80,40.68,1644.469,Success
17:10:08,79,30.58,1074.369,NPCCollision
17:10:11,81,3.70,-80.77895,NPCCollision
17:10:13,76,20.70,646.289,NPCCollision
17:10:14,75,40.12,1491.091,Success
17:10:14,75,43.14,1390.727,Success
17:10:15,76,41.06,1593.036,Success
17:10:15,82,6.26,-19.57578,NPCCollision
17:10:15,77,3.32,-80.22611,NPCCollision
17:10:17,74,40.46,1585.385,Success
17:10:17,81,41.60,1474.099,Success
17:10:20,74,46.46,1513.407,Success
17:10:21,76,43.66,1368.846,Success
17:10:21,83,10.44,184.9839,NPCCollision
17:10:22,77,50.98,1421.862,Success
17:10:25,78,14.66,-3.511406,NPCCollision
17:10:30,76,40.12,1569.867,Success
17:10:31,78,39.78,1543.839,Success
17:10:32,79,39.06,1504.432,Success
17:10:33,79,40.16,1405.295,Success
17:10:33,80,39.22,1462.814,Success
17:10:33,80,41.56,1495.216,Success
17:10:34,77,39.78,1462.545,Success
17:10:34,79,6.76,-16.604,NPCCollision
17:10:34,78,38.42,1475.866,Success
17:10:35,76,24.86,657.2195,NPCCollision
17:10:35,78,41.38,1648.578,Success
17:10:36,79,43.08,1524.434,Success
17:10:38,77,39.54,1546.64,Success
17:10:39,78,43.60,1448.999,Success
17:10:41,80,11.52,257.6534,NPCCollision
17:10:43,79,12.14,184.5479,NPCCollision
17:10:44,77,14.26,122.4432,NPCCollision
17:10:44,76,40.24,1334.704,Success
17:10:44,77,39.28,1457.647,Success
17:10:46,82,38.06,1434.945,Success
17:10:47,75,40.00,1623.322,Success
17:10:48,40,38.48,1401.417,Success
17:10:48,80,54.88,1286.391,Success
17:10:50,80,27.66,807.775,NPCCollision
17:10:51,84,38.94,1490.441,Success
17:10:51,77,40.16,1513.526,Success
17:10:51,75,41.60,1585.701,Success
17:10:53,78,41.38,1589.927,Success
17:10:58,44,40.12,1654.128,Success
17:10:59,80,39.92,1554.182,Success
17:10:59,81,39.40,1461.32,Success
17:11:00,81,40.28,1579.538,Success
17:11:01,77,46.52,1255.765,Success
17:11:03,78,44.78,1613.521,Success
17:11:03,80,41.30,1660.8,Success
17:11:03,41,12.06,262.9429,NPCCollision
17:11:04,79,49.80,1479.645,Success
17:11:05,79,39.20,1485.239,Success
17:11:06,79,49.32,1418.386,Success
17:11:09,78,48.32,1510.834,Success
17:11:10,78,40.58,1712.952,Success
17:11:11,80,8.78,133.6002,NPCCollision
17:11:11,77,40.62,1655.863,Success
17:11:11,78,40.58,1678.532,Success
17:11:12,76,37.84,1286.566,NPCCollision
17:11:12,80,43.78,1454.302,Success
17:11:12,80,12.64,439.6447,NPCCollision
17:11:12,83,39.72,1544.706,Success
17:11:16,81,51.96,1412.024,Success
17:11:18,76,40.12,1608.139,Success
17:11:18,79,36.62,1041.819,NPCCollision
17:11:18,81,41.56,1669.859,Success
17:11:19,85,40.90,1588.453,Success
17:11:19,81,46.92,1572.431,Success
17:11:21,78,44.64,1286.657,Success
17:11:24,81,19.12,555.7402,NPCCollision
17:11:31,82,42.02,1698.165,Success
17:11:32,81,43.68,1654.355,Success
17:11:33,78,41.78,1670.182,Success
17:11:34,82,44.42,1414.252,Success
17:11:36,81,42.48,1581.503,Success
17:11:38,79,46.10,1440.823,Success
17:11:40,84,34.90,963.248,NPCCollision
17:11:41,79,39.60,1464.511,Success
17:11:41,78,39.18,1481.733,Success
17:11:42,79,42.00,1401.831,Success
17:11:42,79,39.34,1538.382,Success
17:11:43,77,40.08,1577.614,Success
17:11:44,80,50.68,1185.154,Success
17:11:46,81,44.74,1724.165,Success
17:11:46,86,36.14,1140.063,NPCCollision
17:11:47,82,41.12,1577.282,Success
17:11:48,82,38.82,1328.511,NPCCollision
17:11:49,80,40.66,1586.657,Success
17:11:50,77,41.64,1601.766,Success
17:11:50,81,50.00,1430.185,Success
17:11:50,82,40.68,1589.431,Success
17:11:52,79,40.72,1518.402,Success
17:11:53,45,41.24,1440.513,Success
17:11:55,82,40.98,1530.94,Success
17:11:58,83,40.44,1558.677,Success
17:11:59,79,39.76,1441.448,Success
17:11:59,82,41.10,1484.841,Success
17:12:00,83,40.32,1425.865,Success
17:12:01,42,41.30,1518.066,Success
17:12:03,82,42.06,1686.088,Success
17:12:05,80,41.44,1669.905,Success
17:12:05,80,35.74,1204.736,NPCCollision
17:12:09,79,40.70,1433.38,Success
17:12:09,80,42.04,1633.276,Success
17:12:11,78,42.26,1345.975,Success
17:12:12,81,40.68,1615.252,Success
17:12:12,85,48.16,1348.574,Success
17:12:13,80,46.66,1431.547,Success
17:12:13,82,39.64,1407.046,Success
17:12:15,83,41.70,1434.896,Success
17:12:16,83,41.44,1579.218,Success
17:12:16,82,39.64,1588.708,Success
17:12:17,83,40.04,1547.745,Success
17:12:17,81,42.12,1566.582,Success
17:12:18,78,42.24,1481.066,Success
17:12:19,87,48.26,1584.253,Success
17:12:20,80,42.08,1667.226,Success
17:12:22,84,11.00,118.2849,NPCCollision
17:12:25,84,39.60,1452.316,Success
17:12:25,83,44.18,1568.215,Success
17:12:26,83,40.62,1606.894,Success
17:12:27,84,39.14,1427.572,Success
17:12:32,80,42.10,1704.624,Success
17:12:34,88,17.12,457.8372,NPCCollision
17:12:35,83,40.80,1434.193,Success
17:12:36,85,13.92,148.4877,NPCCollision
17:12:38,81,41.98,1509.789,Success
17:12:38,79,34.34,1293.36,NPCCollision
17:12:39,84,14.72,358.8711,NPCCollision
17:12:40,83,34.36,1015.32,NPCCollision
17:12:43,84,17.72,622.3221,NPCCollision
17:12:43,86,40.10,1465.437,Success
17:12:43,82,41.20,1667.585,Success
17:12:44,81,40.58,1485.079,Success
17:12:44,81,19.12,537.1211,NPCCollision
17:12:45,81,53.86,1315.711,Success
17:12:46,81,48.50,1235.558,Success
17:12:48,83,40.68,1409.034,Success
17:12:49,84,40.92,1454.265,Success
17:12:49,84,43.24,1597.235,Success
17:12:49,46,42.52,1731.271,Success
17:12:50,80,56.86,1081.835,NPCCollision
17:12:52,82,46.36,1509.067,Success
17:12:52,81,42.34,1492.967,Success
17:12:53,82,14.24,379.6779,NPCCollision
17:12:55,82,15.00,344.7641,NPCCollision
17:12:56,85,40.42,1501.558,Success
17:12:58,85,41.18,1580.938,Success
17:12:58,85,14.90,328.1372,NPCCollision
17:12:58,79,54.92,1114.892,Success
17:13:02,43,43.56,1572.277,Success
17:13:02,86,40.44,1488.788,Success
17:13:03,84,42.30,1603.855,Success
17:13:03,89,43.94,1278.025,Success
17:13:04,80,39.36,1540.752,Success
17:13:06,85,41.70,1472.32,Success
17:13:09,85,39.88,1457.365,Success
17:13:11,81,31.42,923.3586,NPCCollision
17:13:11,82,51.02,1425.018,Success
17:13:13,82,41.70,1701.874,Success
17:13:13,84,39.52,1518.548,Success
17:13:14,82,44.64,1316.26,Success
17:13:14,84,51.66,1100.03,Success
17:13:14,87,47.34,1456.299,Success
17:13:14,85,39.48,1516.313,Success
17:13:16,83,50.68,1335.143,Success
17:13:19,83,41.24,1471.822,Success
17:13:19,82,41.02,1549.937,Success
17:13:20,83,40.70,1527.289,Success
17:13:21,86,39.56,1502.019,Success
17:13:22,83,40.90,1491.855,Success
17:13:24,80,39.80,1403.019,Success
17:13:25,86,40.72,1497.852,Success
17:13:26,83,20.12,606.5399,NPCCollision
17:13:26,86,30.38,734.066,NPCCollision
17:13:26,86,42.56,1696.588,Success
17:13:34,87,41.26,1465.165,Success
17:13:34,90,40.40,1540.207,Success
17:13:35,81,40.46,1355.13,Success
17:13:36,87,7.98,90.35841,NPCCollision
17:13:38,85,46.92,1472.966,Success
17:13:39,86,30.86,934.6206,NPCCollision
17:13:42,86,44.22,1527.158,Success
17:13:42,87,5.30,18.73754,NPCCollision
17:13:43,83,42.54,1470.146,Success
17:13:44,82,43.62,1433.931,Success
17:13:44,85,39.68,1534.905,Success
17:13:45,88,39.92,1495.223,Success
17:13:45,47,43.64,1371.132,Success
17:13:46,85,42.70,1372.5,Success
17:13:47,84,40.36,1510.122,Success
17:13:49,88,9.60,77.23715,NPCCollision
17:13:50,83,48.98,1580.737,Success
17:13:51,84,42.24,1643.192,Success
17:13:52,88,24.44,700.8607,NPCCollision
17:13:52,84,42.30,1357.566,Success
17:13:52,87,40.66,1483.848,Success
17:13:53,83,44.80,1296.045,Success
17:13:56,81,41.62,1411.359,Success
17:13:56,86,16.10,316.0064,NPCCollision
17:13:57,84,40.58,1429.002,Success
17:13:57,87,40.12,1486.319,Success
17:14:00,91,39.34,1497.376,Success
17:14:01,88,41.26,1422.183,Success
17:14:01,84,52.58,1464.868,Success
17:14:01,89,14.62,105.9406,NPCCollision
17:14:02,87,50.36,919.6403,NPCCollision
17:14:03,84,31.10,1069.717,NPCCollision
17:14:05,44,45.26,1617.745,Success
17:14:06,86,43.94,1135.871,Success
17:14:07,82,49.58,1650.198,Success
17:14:09,87,41.52,1265.905,Success
17:14:11,86,40.22,1587.074,Success
17:14:11,89,39.74,1394.407,Success
17:14:15,83,47.82,1335.828,Success
17:14:16,87,8.82,125.4556,NPCCollision
17:14:16,89,42.18,1460.397,Success
17:14:16,85,30.42,858.1567,NPCCollision
17:14:18,85,40.12,1437.031,Success
17:14:18,88,39.60,1537.893,Success
17:14:18,85,41.68,1519.978,Success
17:14:19,92,29.12,597.9334,NPCCollision
17:14:19,84,40.30,1492.847,Success
17:14:20,85,49.94,1347.519,Success
17:14:20,84,46.38,1460.85,Success
17:14:23,82,40.48,1534.368,Success
17:14:23,88,39.48,1398.011,Success
17:14:23,87,40.80,1509.762,Success
17:14:27,90,38.90,1405.639,Success
17:14:27,88,16.72,355.0699,NPCCollision
17:14:34,89,43.72,1411.045,Success
17:14:34,88,43.28,1364.32,Success
17:14:37,87,40.12,1499.354,Success
17:14:38,85,49.54,1249.94,Success
17:14:38,83,39.60,1395.138,Success
17:14:40,90,38.18,1303.117,Success
17:14:43,48,45.24,1217.411,Success
17:14:44,88,46.82,1407.67,Success
17:14:44,88,26.44,557.4265,NPCCollision
17:14:46,85,58.88,1332.13,Success
17:14:46,84,41.38,1372.459,Success
17:14:47,90,40.26,1516.415,Success
17:14:49,89,40.42,1568.678,Success
17:14:50,86,45.38,1325.469,Success
17:14:50,85,41.18,1463.46,Success
17:14:52,85,41.84,1658.301,Success
17:14:52,86,44.90,1561.29,Success
17:14:53,86,47.26,1361.279,Success
17:14:53,83,40.46,1472.319,Success
17:14:57,86,50.28,1547.813,Success
17:14:57,89,47.00,1441.691,Success
17:14:58,93,53.24,1060.092,Success
17:14:58,89,40.02,1506.507,Success
17:15:01,91,46.12,1145.551,NPCCollision
17:15:03,88,40.56,1635.034,Success
17:15:04,86,40.20,1460.633,Success
17:15:04,84,40.08,1408.82,Success
17:15:04,90,46.88,1630.608,Success
17:15:04,45,42.54,1341.656,NPCCollision
17:15:06,89,47.80,1209.082,NPCCollision
17:15:06,91,40.48,1536.678,Success
17:15:11,89,40.36,1508.562,Success
17:15:11,89,41.16,1391.758,Success
17:15:12,90,21.80,553.7098,NPCCollision
17:15:15,85,43.74,1546.301,Success
17:15:16,87,39.20,1529.451,Success
17:15:16,86,45.74,1494.48,Success
17:15:16,86,39.34,1233.502,NPCCollision
17:15:19,87,40.34,1423.573,Success
17:15:19,90,47.20,1311.247,Success
17:15:20,84,40.76,1409.567,Success
17:15:23,86,47.58,1323.731,Success
17:15:23,87,0.00,-80,NPCCollision
17:15:23,91,55.04,1301.499,Success
17:15:24,87,42.00,1419.557,Success
17:15:24,87,49.80,1615.132,Success
17:15:24,90,40.94,1489.653,Success
17:15:24,94,41.24,1438.115,Success
17:15:33,92,42.30,1700.184,Success
17:15:34,87,40.94,1570.732,Success
17:15:35,89,43.26,1639.141,Success
17:15:36,88,13.86,293.9408,NPCCollision
17:15:36,49,41.14,1625.444,Success
17:15:37,85,44.80,1248.758,Success
17:15:37,90,42.18,1718.578,Success
17:15:37,92,41.44,1097.524,NPCCollision
17:15:37,88,13.88,349.6957,NPCCollision
17:15:38,91,45.88,1392.988,Success
17:15:41,88,19.28,551.7084,NPCCollision
17:15:41,92,5.04,-72.60635,NPCCollision
17:15:42,91,40.28,1427.417,Success
17:15:44,90,12.70,191.8057,NPCCollision
17:15:44,90,45.18,1294.295,Success
17:15:44,90,45.18,1466.617,Success
17:15:46,93,6.64,25.88925,NPCCollision
17:15:46,88,40.10,1441.963,Success
17:15:46,86,42.10,1457.889,Success
17:15:47,87,42.02,1665.244,Success
17:15:50,89,21.44,567.3378,NPCCollision
17:15:50,88,40.94,1548.806,Success
17:15:51,85,41.08,1554.736,Success
17:15:52,94,8.98,30.34293,NPCCollision
17:15:53,91,44.30,1383.21,Success
17:15:53,87,50.18,1601.49,Success
17:15:53,92,40.54,1525.065,Success
17:15:56,91,18.98,492.4745,NPCCollision
17:15:56,91,42.38,1329.166,NPCCollision
17:16:00,95,12.32,33.98633,NPCCollision
17:16:00,93,41.42,1753.787,Success
17:16:01,95,49.40,1303.958,Success
17:16:03,93,38.68,1269.58,Success
17:16:03,91,39.56,1413.318,Success
17:16:04,88,44.88,1486.027,Success
17:16:04,89,40.78,1464.088,Success
17:16:07,91,33.90,1224.327,NPCCollision
17:16:10,89,43.54,1508.763,Success
17:16:10,92,42.04,1442.144,Success
17:16:11,91,41.38,1532.593,Success
17:16:12,86,53.34,1285.645,Success
17:16:13,92,30.74,831.0551,NPCCollision
17:16:14,89,42.48,1553.284,Success
17:16:14,92,27.08,795.9537,NPCCollision
17:16:14,46,50.96,1224.667,Success
17:16:16,89,38.86,1442.365,Success
17:16:17,96,23.88,607.2432,NPCCollision
17:16:18,86,41.82,1470.047,Success
17:16:19,92,34.42,986.0825,NPCCollision
17:16:21,93,41.48,1301.688,Success
17:16:21,87,52.66,1372.471,Success
17:16:21,90,47.28,1175.874,Success
17:16:23,88,54.10,1309.384,Success
17:16:23,88,46.70,1036.586,NPCCollision
17:16:24,50,40.82,1505.121,NPCCollision
17:16:26,94,40.18,1522.157,Success
17:16:26,87,12.46,107.2513,NPCCollision
17:16:32,96,43.04,1368.203,Success
17:16:34,94,42.18,1596.106,Success
17:16:34,90,39.92,1492.421,Success
17:16:35,92,41.62,1414.969,Success
17:16:36,89,41.90,1441.564,Success
17:16:39,93,31.00,879.6481,NPCCollision
17:16:40,92,45.30,468.4838,NPCCollision
17:16:42,92,40.46,1482.699,Success
17:16:42,87,40.24,1435.156,Success
17:16:43,93,44.42,1378.257,Success
17:16:43,90,45.26,1304.207,Success
17:16:45,93,43.10,1339.048,Success
17:16:47,90,41.38,1617.764,Success
17:16:49,93,39.70,1481.678,Success
17:16:50,90,48.02,1458.345,Success
17:16:52,94,40.28,1484.372,Success
17:16:53,88,40.94,1490.103,Success
17:16:54,97,49.24,1384.423,Success
17:16:55,94,12.80,203.6955,NPCCollision
17:16:56,89,41.38,1464.627,Success
17:17:01,89,48.76,1308.31,Success
17:17:01,95,43.98,1755.038,Success
17:17:01,97,41.38,1557.047,Success
17:17:02,91,16.54,334.7162,NPCCollision
17:17:04,91,41.58,1587.28,Success
17:17:04,95,42.54,1377.77,Success
17:17:05,88,50.18,1156.018,Success
17:17:05,93,44.18,1469.46,Success
17:17:06,91,59.16,1308.944,Success
17:17:09,94,42.54,1486.347,Success
17:17:09,96,11.80,168.5645,NPCCollision
17:17:09,93,40.96,1563.745,Success
17:17:10,90,49.66,1364.813,Success
17:17:12,94,41.48,1470.315,Success
17:17:13,88,42.60,1498.134,Success
17:17:14,47,41.40,1088.926,NPCCollision
17:17:15,93,46.10,1089.989,Success
17:17:17,91,42.10,1678.22,Success
17:17:17,91,48.20,1443.188,Success
17:17:19,94,41.74,1626.723,Success
17:17:22,89,41.74,1608.336,Success
17:17:22,98,40.20,1439.411,Success
17:17:22,94,24.82,485.0481,NPCCollision
17:17:22,51,43.14,1372.365,Success
17:17:27,90,45.20,1629.264,Success
17:17:29,95,52.86,1551.512,Success
17:17:29,90,41.26,1417.757,Success
17:17:29,95,49.56,1455.329,Success
17:17:30,96,38.16,1304.877,NPCCollision
17:17:35,98,44.06,1630.865,Success
17:17:36,92,43.48,1624.811,Success
17:17:37,89,40.76,1492.64,Success
17:17:37,92,40.10,1502.695,Success
17:17:38,92,44.10,1740.963,Success
17:17:40,89,33.72,1058.983,NPCCollision
17:17:40,95,40.16,1431.456,Success
17:17:41,94,40.32,1487.377,Success
17:17:41,97,41.04,1509.246,Success
17:17:43,91,42.30,1500.069,Success
17:17:44,96,15.48,411.0428,NPCCollision
17:17:46,94,40.72,1691.412,Success
17:17:48,99,31.94,559.1507,NPCCollision
17:17:49,92,40.40,1556.088,Success
17:17:50,95,49.78,1063.433,NPCCollision
17:17:51,90,37.02,1058.086,NPCCollision
17:17:52,92,44.62,1544.616,Success
17:17:54,95,45.22,1267.964,Success
17:17:56,96,23.52,813.7644,NPCCollision
17:17:57,95,44.96,1331.644,Success
17:18:00,91,41.48,1505.761,Success
17:18:01,91,41.20,1602.884,Success
17:18:02,97,41.02,1633.028,Success
17:18:02,96,43.42,1304.862,Success
17:18:03,99,41.12,1481.488,Success
17:18:04,96,20.32,356.1947,NPCCollision
17:18:05,93,40.08,1522.993,Success
17:18:08,90,45.86,1413.625,Success
17:18:08,90,42.22,1238.62,Success
17:18:08,95,40.32,1458.521,Success
17:18:09,93,46.00,1266.09,Success
17:18:10,92,12.70,146.1164,NPCCollision
17:18:10,92,40.14,1534.254,Success
17:18:11,97,39.48,1402.854,Success
17:18:16,93,39.58,1381.606,Success
17:18:17,52,41.00,1481.706,Success
17:18:18,98,53.56,1158.69,Success
17:18:18,100,44.28,1410.539,Success
17:18:19,93,62.96,987.7586,Success
17:18:20,91,42.38,928.499,NPCCollision
17:18:21,48,46.30,1519.306,Success
17:18:22,95,52.86,1374.675,Success
17:18:24,96,40.48,1519.386,Success
17:18:25,96,46.72,1440.386,Success
17:18:26,97,42.98,1481.94,Success
17:18:28,92,41.38,1585.273,Success
17:18:28,93,54.36,1295.225,Success
17:18:29,98,39.68,1089.962,NPCCollision
17:18:30,97,41.88,1566.942,Success
17:18:31,100,41.34,1397.016,Success
17:18:31,97,39.82,1530.391,Success
17:18:39,94,44.96,1417.747,Success
17:18:41,91,41.92,1508.338,Success
17:18:41,94,41.46,1748.048,Success
17:18:41,91,42.48,1459.022,Success
17:18:42,93,40.88,1527.79,Success
17:18:42,98,40.94,1602.437,Success
17:18:44,92,29.66,892.775,NPCCollision
17:18:45,93,46.82,1298.996,Success
17:18:47,94,40.38,1397.144,Success
17:18:47,93,22.66,730.8953,NPCCollision
17:18:49,99,40.60,1503.594,Success
17:18:51,94,41.50,1243.288,Success
17:18:51,96,57.24,1002.292,Success
17:18:53,98,25.82,604.4957,NPCCollision
17:18:54,96,41.30,1484.879,Success
17:18:54,101,48.46,1428.758,Success
17:18:56,98,32.16,910.8572,NPCCollision
17:18:57,99,22.24,729.252,NPCCollision
17:18:59,98,43.52,1831.425,Success
17:18:59,97,45.64,1510.129,Success
17:18:59,94,39.50,1492.168,Success
17:19:01,97,47.76,1413.531,Success
17:19:02,101,40.56,1365.991,Success
17:19:07,95,41.96,1745.68,Success
17:19:08,94,39.64,1553.505,Success
17:19:09,53,39.80,1541.329,Success
17:19:09,99,53.60,1442.019,Success
17:19:09,92,42.76,1515.09,Success
17:19:09,95,42.78,1497.258,Success
17:19:12,93,42.90,1677.447,Success
17:19:12,92,47.38,1609.617,Success
17:19:13,94,42.24,1559.012,Success
17:19:15,100,40.08,1528.207,Success
17:19:17,94,46.68,1449.548,Success
17:19:18,49,40.50,1421.997,Success
17:19:18,98,28.86,912.5667,NPCCollision
17:19:19,97,42.10,1453.228,Success
17:19:19,102,38.00,1377.048,Success
17:19:21,95,51.60,1522.568,Success
17:19:22,95,34.48,1159.549,NPCCollision
17:19:22,99,39.00,1176.462,NPCCollision
17:19:24,99,47.30,1400.168,Success
17:19:24,96,22.62,589.3463,NPCCollision
17:19:25,99,40.20,1472.484,Success
17:19:26,96,7.90,226.2777,NPCCollision
17:19:26,95,54.32,1382.349,Success
17:19:27,97,49.96,1458.164,Success
17:19:28,102,39.22,1509.487,Success
17:19:29,98,42.20,1614.576,Success
17:19:31,95,34.10,1123.682,NPCCollision
17:19:31,100,51.70,1215.472,Success
17:19:32,97,9.72,194.1263,NPCCollision
17:19:39,103,10.00,172.7099,NPCCollision
17:19:40,96,44.22,1445.357,Success
17:19:42,100,45.12,1345.36,Success
17:19:43,94,40.48,1575.035,Success
17:19:44,95,40.36,1427.375,Success
17:19:46,93,49.42,1180.714,Success
17:19:49,95,41.14,1467.004,Success
17:19:49,101,44.92,1366.203,Success
17:19:49,99,41.52,1627.291,Success
17:19:49,93,50.04,1658.698,Success
17:19:51,100,37.56,657.9303,NPCCollision
17:19:51,103,42.00,1514.863,Success
17:19:54,98,47.10,1254.801,Success
17:19:55,96,44.14,1384.512,Success
17:19:56,100,43.18,1451.895,Success
17:19:57,98,39.62,1498.881,Success
17:19:57,96,41.26,1625.449,Success
17:19:59,104,30.66,847.5062,NPCCollision
17:19:59,97,46.58,1492.295,Success
17:20:00,99,40.98,1443.825,Success
17:20:02,96,42.28,1508.553,Success
17:20:02,100,50.52,1237.334,Success
17:20:04,101,43.90,1529.814,Success
17:20:05,98,43.68,1370.194,Success
17:20:06,54,44.38,1611.626,Success
17:20:08,101,39.84,1625.121,Success
17:20:09,101,28.48,743.2205,NPCCollision
17:20:10,97,46.68,1457.864,Success
17:20:12,96,42.40,1487.531,Success
17:20:13,99,30.26,914.0679,NPCCollision
17:20:15,95,49.16,1472.804,Success
17:20:16,94,40.62,1581.13,Success
17:20:16,94,46.86,1395.219,Success
17:20:19,102,45.44,1643.472,Success
17:20:21,50,45.48,1232.213,Success
17:20:22,97,41.68,1542.653,Success
17:20:22,101,40.42,1658.551,Success
17:20:23,96,52.30,1385.743,Success
17:20:23,104,49.00,1462.703,Success
17:20:24,99,40.52,1579.213,Success
17:20:24,100,53.70,1324.51,Success
17:20:25,105,39.58,1458.104,Success
17:20:25,98,4.80,-41.94604,NPCCollision
17:20:27,98,43.82,1296.081,Success
17:20:29,100,43.74,1565.731,Success
17:20:29,97,40.42,1521.348,Success
17:20:29,101,40.28,1542.692,Success
17:20:31,102,40.82,1440.018,Success
17:20:31,95,22.18,595.3945,NPCCollision
17:20:32,99,40.66,1542.635,Success
17:20:32,97,53.06,1359.713,Success
17:20:38,99,13.12,332.1756,NPCCollision
17:20:39,102,40.82,1497.364,Success
17:20:42,98,13.32,294.7409,NPCCollision
17:20:44,100,40.64,1449.473,Success
17:20:44,97,43.76,1501.577,Success
17:20:44,98,45.54,1413.88,Success
17:20:45,102,47.82,1465.547,Success
17:20:45,99,20.68,632.5927,NPCCollision
17:20:45,96,40.02,1520.614,Success
17:20:49,103,39.66,1592.051,Success
17:20:50,95,46.32,1460.324,Success
17:20:53,105,40.46,1544.72,Success
17:20:54,100,40.34,1553.589,Success
17:20:54,97,41.48,1561.135,Success
17:20:55,106,40.96,1598.278,Success
17:20:56,102,34.92,976.5613,NPCCollision
17:20:56,102,45.06,1669.842,Success
17:20:57,101,43.72,1524.472,Success
17:20:58,55,40.16,1532.355,Success
17:21:00,101,41.18,1569.363,Success
17:21:01,100,35.96,1215.997,NPCCollision
17:21:01,96,40.68,1318.248,Success
17:21:02,103,41.60,1610.382,Success
17:21:03,100,41.92,1510.717,Success
17:21:04,98,42.52,1550.049,Success
17:21:06,103,40.58,1418.066,Success
17:21:09,104,31.34,852.7773,NPCCollision
17:21:09,99,42.40,1428.169,Success
17:21:10,98,39.84,1478.644,Success
17:21:11,103,40.44,1487.915,Success
17:21:12,99,41.62,1586.583,Success
17:21:12,101,42.98,1729.771,Success
17:21:13,100,42.44,1492.427,Success
17:21:16,97,47.94,1428.47,Success
17:21:18,96,42.42,1474.123,Success
17:21:19,51,41.68,1543.959,Success
17:21:20,106,40.64,1527.528,Success
17:21:20,101,39.98,1594.383,Success
17:21:21,107,39.14,1503.831,Success
17:21:24,103,43.60,1542.792,Success
17:21:24,98,46.56,1285.208,Success
17:21:25,56,23.20,416.8086,NPCCollision
17:21:26,102,39.80,1553.599,Success
17:21:27,103,46.92,1490.013,Success
17:21:28,97,41.06,1669.799,Success
17:21:29,101,42.02,1610.566,Success
17:21:29,102,48.82,1441.21,Success
17:21:29,104,36.36,1052.767,NPCCollision
17:21:30,104,43.78,1339.745,Success
17:21:31,99,41.88,1413.365,Success
17:21:40,100,41.66,1629.488,Success
17:21:41,104,39.90,1520.203,Success
17:21:41,101,52.54,1295.118,Success
17:21:42,105,43.92,1554.724,Success
17:21:43,100,42.14,1582.76,Success
17:21:43,105,15.02,150.9077,NPCCollision
17:21:43,101,40.64,1459.178,Success
17:21:44,99,45.32,1703.975,Success
17:21:45,104,21.70,585.6434,NPCCollision
17:21:47,102,47.36,1444.15,Success
17:21:50,97,42.72,1465.943,Success
17:21:51,98,46.50,1458.141,Success
17:21:52,102,42.68,1628.679,Success
17:21:55,108,45.46,1438.657,Success
17:21:56,99,41.26,1548.56,Success
17:21:57,104,42.60,1470.277,Success
17:21:59,107,51.66,1339.157,Success
17:22:00,105,20.76,711.4622,NPCCollision
17:22:01,101,29.28,778.969,NPCCollision
17:22:02,103,46.76,1473.577,Success
17:22:02,102,42.54,945.7559,NPCCollision
17:22:03,103,42.72,1571.867,Success
17:22:04,98,45.94,1318.01,Success
17:22:04,100,41.26,1539.782,Success
17:22:05,109,12.42,-4.476341,NPCCollision
17:22:07,105,46.48,1420.481,Success
17:22:09,105,40.78,1605.713,Success
17:22:12,102,43.46,1545.222,Success
17:22:13,106,44.58,1695.963,Success
17:22:14,102,44.92,1401.957,Success
17:22:15,100,45.70,1399.269,Success
17:22:16,52,40.36,1427.679,Success
17:22:16,103,41.86,1343.924,Success
17:22:16,106,47.96,1754.912,Success
17:22:18,101,50.48,1259.135,Success
17:22:18,98,40.48,1439.586,Success
17:22:20,104,27.24,334.1567,NPCCollision
17:22:20,103,40.60,1497.937,Success
17:22:21,99,43.40,1290.939,Success
17:22:21,57,42.28,1763.818,Success
17:22:26,101,15.80,441.2424,NPCCollision
17:22:26,105,43.18,1019.396,NPCCollision
17:22:27,108,42.48,1737.182,Success
17:22:28,100,47.04,1520.963,Success
17:22:28,102,40.70,1472.25,Success
17:22:30,104,41.34,1454.187,Success
17:22:30,103,42.44,1535.952,Success
17:22:31,101,40.84,1499.012,Success
17:22:33,106,49.96,1226.199,Success
17:22:34,106,41.96,1522.917,Success
17:22:39,110,46.22,1510.329,Success
17:22:40,106,40.44,1485.231,Success
17:22:42,99,51.74,1132.561,Success
17:22:43,103,41.62,1441.622,Success
17:22:45,107,43.42,1391.518,Success
17:22:47,103,43.34,1404.508,Success
17:22:47,107,40.78,1325.589,Success
17:22:48,104,42.84,1558.073,Success
17:22:49,102,41.30,1560.348,Success
17:22:50,99,42.44,1685.538,Success
17:22:51,105,41.66,1431.512,Success
17:22:51,104,26.24,701.87,NPCCollision
17:22:53,100,42.34,1599.937,Success
17:22:54,104,45.52,1635.196,Success
17:22:55,102,30.52,497.0328,NPCCollision
17:22:57,102,41.60,1571.167,Success
17:22:58,101,40.14,1449.141,Success
17:22:59,106,43.50,1450.788,Success
17:23:00,103,42.28,1776.521,Success
17:23:01,105,41.32,1741.811,Success
17:23:01,109,45.46,1378.186,Success
17:23:03,100,20.30,534.5642,NPCCollision
17:23:05,107,42.68,1472.464,Success
17:23:06,111,41.02,1453.088,Success
17:23:06,107,42.58,1518.679,Success
17:23:07,107,41.12,1523.329,Success
17:23:10,104,41.40,1559.428,Success
17:23:11,100,44.42,1504.397,Success
17:23:12,108,41.50,1519.652,Success
17:23:13,53,40.56,1460.309,Success
17:23:14,104,41.34,1534.651,Success
17:23:16,105,41.88,1483.816,Success
17:23:19,105,41.74,1537.441,Success
17:23:19,103,45.74,1371.919,Success
17:23:19,103,36.70,642.4734,NPCCollision
17:23:19,106,42.76,1647.468,Success
17:23:20,108,49.76,1388.606,Success
17:23:23,105,44.18,1606.489,Success
17:23:24,58,49.52,1162.862,Success
17:23:25,101,49.40,1579.65,Success
17:23:27,102,43.04,1712.177,Success
17:23:27,107,42.26,1490.16,Success
17:23:27,104,41.06,1451.661,Success
17:23:28,106,41.26,1558.049,Success
17:23:29,110,42.74,1390.645,Success
17:23:30,101,40.08,1416.718,Success
17:23:31,103,50.80,1423.731,Success
17:23:32,108,40.58,1515.582,Success
17:23:34,108,40.62,1512.136,Success
17:23:35,112,44.14,1359.924,Success
17:23:41,108,46.54,1390.229,Success
17:23:43,101,41.32,1522.242,Success
17:23:44,109,40.90,1378.812,Success
17:23:45,103,21.40,632.3935,NPCCollision
17:23:45,105,41.26,1524.168,Success
17:23:47,106,41.14,1494.936,Success
17:23:48,105,50.78,1383.805,Success
17:23:48,104,37.96,1284.848,NPCCollision
17:23:50,106,41.14,1419.651,Success
17:23:51,59,20.08,503.752,NPCCollision
17:23:51,109,41.70,1512.323,Success
17:23:52,104,44.44,1517.205,Success
17:23:52,107,44.40,1176.597,Success
17:23:54,102,31.60,991.562,NPCCollision
17:23:57,109,30.96,959.7874,NPCCollision
17:23:57,111,36.76,762.2369,NPCCollision
17:23:59,107,40.50,1437.185,Success
17:23:59,105,42.18,1608.337,Success
17:24:00,108,44.82,1533.193,Success
17:24:01,104,40.46,1545.538,Success
17:24:02,106,52.08,1386.427,Success
17:24:02,102,49.38,1471.133,Success
17:24:05,109,40.46,1442.745,Success
17:24:06,60,12.10,132.5231,NPCCollision
17:24:08,109,40.88,1433.952,Success
17:24:08,113,43.40,1559.604,Success
